Country,Date,C1_School closing,C2_Workplace closing,C3_Cancel public events,C4_Restrictions on gatherings,C5_Close public transport,C6_Stay at home requirements,C7_Restrictions on internal movement,C8_International travel controls,E1_Income support,E2_Debt/contract relief,H1_Public information campaigns,H2_Testing policy,H3_Contact tracing,H6_Facial Coverings,H7_Vaccination policy,history,lower,average,upper,ISO,Population
New Zealand,2020-01-22,0.0,0.0,0.0,0.0,0.0,0.0,0.0,0.0,0.0,0.0,2.0,0.0,0.0,0.0,0.0,0.0,,,,NZL,4822233.0
New Zealand,2020-01-23,0.0,0.0,0.0,0.0,0.0,0.0,0.0,0.0,0.0,0.0,2.0,0.0,0.0,0.0,0.0,0.0,,,,NZL,4822233.0
New Zealand,2020-01-24,0.0,0.0,0.0,0.0,0.0,0.0,0.0,0.0,0.0,0.0,2.0,0.0,0.0,0.0,0.0,0.0,,,,NZL,4822233.0
New Zealand,2020-01-25,0.0,0.0,0.0,0.0,0.0,0.0,0.0,0.0,0.0,0.0,2.0,0.0,0.0,0.0,0.0,0.0,,,,NZL,4822233.0
New Zealand,2020-01-26,0.0,0.0,0.0,0.0,0.0,0.0,0.0,0.0,0.0,0.0,2.0,0.0,0.0,0.0,0.0,0.0,,,,NZL,4822233.0
New Zealand,2020-01-27,0.0,0.0,0.0,0.0,0.0,0.0,0.0,0.0,0.0,0.0,2.0,0.0,0.0,0.0,0.0,0.0,,,,NZL,4822233.0
New Zealand,2020-01-28,0.0,0.0,0.0,0.0,0.0,0.0,0.0,0.0,0.0,0.0,2.0,0.0,0.0,0.0,0.0,0.0,,,,NZL,4822233.0
New Zealand,2020-01-29,0.0,0.0,0.0,0.0,0.0,0.0,0.0,0.0,0.0,0.0,2.0,0.0,0.0,0.0,0.0,0.0,,,,NZL,4822233.0
New Zealand,2020-01-30,0.0,0.0,0.0,0.0,0.0,0.0,0.0,0.0,0.0,0.0,2.0,0.0,0.0,0.0,0.0,0.0,,,,NZL,4822233.0
New Zealand,2020-01-31,0.0,0.0,0.0,0.0,0.0,0.0,0.0,0.0,0.0,0.0,2.0,0.0,0.0,0.0,0.0,0.0,,,,NZL,4822233.0
New Zealand,2020-02-01,0.0,0.0,0.0,0.0,0.0,0.0,0.0,0.0,0.0,0.0,2.0,0.0,0.0,0.0,0.0,0.0,,,,NZL,4822233.0
New Zealand,2020-02-02,0.0,0.0,0.0,0.0,0.0,0.0,0.0,3.0,0.0,0.0,2.0,0.0,0.0,0.0,0.0,0.0,,,,NZL,4822233.0
New Zealand,2020-02-03,0.0,0.0,0.0,0.0,0.0,0.0,0.0,3.0,0.0,0.0,2.0,0.0,0.0,0.0,0.0,0.0,,,,NZL,4822233.0
New Zealand,2020-02-04,0.0,0.0,0.0,0.0,0.0,0.0,0.0,3.0,0.0,0.0,2.0,0.0,0.0,0.0,0.0,0.0,,,,NZL,4822233.0
New Zealand,2020-02-05,0.0,0.0,0.0,0.0,0.0,0.0,0.0,3.0,0.0,0.0,2.0,0.0,0.0,0.0,0.0,0.0,,,,NZL,4822233.0
New Zealand,2020-02-06,0.0,0.0,0.0,0.0,0.0,0.0,0.0,3.0,0.0,0.0,2.0,0.0,0.0,0.0,0.0,0.0,,,,NZL,4822233.0
New Zealand,2020-02-07,0.0,0.0,0.0,0.0,0.0,0.0,0.0,3.0,0.0,0.0,2.0,0.0,0.0,0.0,0.0,0.0,,,,NZL,4822233.0
New Zealand,2020-02-08,0.0,0.0,0.0,0.0,0.0,0.0,0.0,3.0,0.0,0.0,2.0,0.0,0.0,0.0,0.0,0.0,,,,NZL,4822233.0
New Zealand,2020-02-09,0.0,0.0,0.0,0.0,0.0,0.0,0.0,3.0,0.0,0.0,2.0,0.0,0.0,0.0,0.0,0.0,,,,NZL,4822233.0
New Zealand,2020-02-10,0.0,0.0,0.0,0.0,0.0,0.0,0.0,3.0,0.0,0.0,2.0,0.0,0.0,0.0,0.0,0.0,,,,NZL,4822233.0
New Zealand,2020-02-11,0.0,0.0,0.0,0.0,0.0,0.0,0.0,3.0,0.0,0.0,2.0,0.0,0.0,0.0,0.0,0.0,,,,NZL,4822233.0
New Zealand,2020-02-12,0.0,0.0,0.0,0.0,0.0,0.0,0.0,3.0,0.0,0.0,2.0,0.0,0.0,0.0,0.0,0.0,,,,NZL,4822233.0
New Zealand,2020-02-13,0.0,0.0,0.0,0.0,0.0,0.0,0.0,3.0,0.0,0.0,2.0,0.0,0.0,0.0,0.0,0.0,,,,NZL,4822233.0
New Zealand,2020-02-14,0.0,0.0,0.0,0.0,0.0,0.0,0.0,3.0,0.0,0.0,2.0,0.0,0.0,0.0,0.0,0.0,,,,NZL,4822233.0
New Zealand,2020-02-15,0.0,0.0,0.0,0.0,0.0,0.0,0.0,3.0,0.0,0.0,2.0,0.0,0.0,0.0,0.0,0.0,,,,NZL,4822233.0
New Zealand,2020-02-16,0.0,0.0,0.0,0.0,0.0,0.0,0.0,3.0,0.0,0.0,2.0,0.0,0.0,0.0,0.0,0.0,,,,NZL,4822233.0
New Zealand,2020-02-17,0.0,0.0,0.0,0.0,0.0,0.0,0.0,3.0,0.0,0.0,2.0,0.0,0.0,0.0,0.0,0.0,,,,NZL,4822233.0
New Zealand,2020-02-18,0.0,0.0,0.0,0.0,0.0,0.0,0.0,3.0,0.0,0.0,2.0,0.0,0.0,0.0,0.0,0.0,,,,NZL,4822233.0
New Zealand,2020-02-19,0.0,0.0,0.0,0.0,0.0,0.0,0.0,3.0,0.0,0.0,2.0,0.0,0.0,0.0,0.0,0.0,,,,NZL,4822233.0
New Zealand,2020-02-20,0.0,0.0,0.0,0.0,0.0,0.0,0.0,3.0,0.0,0.0,2.0,0.0,0.0,0.0,0.0,0.0,,,,NZL,4822233.0
New Zealand,2020-02-21,0.0,0.0,0.0,0.0,0.0,0.0,0.0,3.0,0.0,0.0,2.0,0.0,0.0,0.0,0.0,0.0,,,,NZL,4822233.0
New Zealand,2020-02-22,0.0,0.0,0.0,0.0,0.0,0.0,0.0,3.0,0.0,0.0,2.0,0.0,0.0,0.0,0.0,0.0,,,,NZL,4822233.0
New Zealand,2020-02-23,0.0,0.0,0.0,0.0,0.0,0.0,0.0,3.0,0.0,0.0,2.0,0.0,0.0,0.0,0.0,0.0,,,,NZL,4822233.0
New Zealand,2020-02-24,0.0,0.0,0.0,0.0,0.0,0.0,0.0,3.0,0.0,0.0,2.0,0.0,0.0,0.0,0.0,0.0,,,,NZL,4822233.0
New Zealand,2020-02-25,0.0,0.0,0.0,0.0,0.0,0.0,0.0,3.0,0.0,0.0,2.0,0.0,0.0,0.0,0.0,0.0,,,,NZL,4822233.0
New Zealand,2020-02-26,0.0,0.0,0.0,0.0,0.0,0.0,0.0,3.0,0.0,0.0,2.0,0.0,0.0,0.0,0.0,0.0,,,,NZL,4822233.0
New Zealand,2020-02-27,0.0,0.0,0.0,0.0,0.0,0.0,0.0,3.0,0.0,0.0,2.0,0.0,0.0,0.0,0.0,0.0,,,,NZL,4822233.0
New Zealand,2020-02-28,0.0,0.0,0.0,0.0,0.0,0.0,0.0,3.0,0.0,0.0,2.0,1.0,2.0,0.0,0.0,2.07372808406396e-07,,,,NZL,4822233.0
New Zealand,2020-02-29,0.0,0.0,0.0,0.0,0.0,0.0,0.0,3.0,0.0,0.0,2.0,1.0,2.0,0.0,0.0,2.07372808406396e-07,,,,NZL,4822233.0
New Zealand,2020-03-01,0.0,0.0,0.0,0.0,0.0,0.0,0.0,3.0,0.0,0.0,2.0,1.0,2.0,0.0,0.0,2.07372808406396e-07,,,,NZL,4822233.0
New Zealand,2020-03-02,0.0,0.0,0.0,0.0,0.0,0.0,0.0,3.0,0.0,0.0,2.0,1.0,2.0,0.0,0.0,2.07372808406396e-07,,,,NZL,4822233.0
New Zealand,2020-03-03,0.0,0.0,0.0,0.0,0.0,0.0,0.0,3.0,0.0,0.0,2.0,1.0,2.0,0.0,0.0,2.07372808406396e-07,,,,NZL,4822233.0
New Zealand,2020-03-04,0.0,0.0,0.0,0.0,0.0,0.0,0.0,3.0,0.0,0.0,2.0,1.0,2.0,0.0,0.0,6.221184252191878e-07,,,,NZL,4822233.0
New Zealand,2020-03-05,0.0,0.0,0.0,0.0,0.0,0.0,0.0,3.0,0.0,0.0,2.0,1.0,2.0,0.0,0.0,6.221184252191878e-07,,,,NZL,4822233.0
New Zealand,2020-03-06,0.0,0.0,0.0,0.0,0.0,0.0,0.0,3.0,0.0,0.0,2.0,1.0,2.0,0.0,0.0,8.294912336255838e-07,,,,NZL,4822233.0
New Zealand,2020-03-07,0.0,0.0,0.0,0.0,0.0,0.0,0.0,3.0,0.0,0.0,2.0,1.0,2.0,0.0,0.0,1.0368640420319795e-06,,,,NZL,4822233.0
New Zealand,2020-03-08,0.0,0.0,0.0,0.0,0.0,0.0,0.0,3.0,0.0,0.0,2.0,1.0,2.0,0.0,0.0,1.0368640420319795e-06,,,,NZL,4822233.0
New Zealand,2020-03-09,0.0,0.0,0.0,0.0,0.0,0.0,0.0,3.0,0.0,0.0,2.0,1.0,2.0,0.0,0.0,1.0368640420319795e-06,,,,NZL,4822233.0
New Zealand,2020-03-10,0.0,0.0,0.0,0.0,0.0,0.0,0.0,3.0,0.0,0.0,2.0,1.0,2.0,0.0,0.0,1.0368640420319795e-06,,,,NZL,4822233.0
New Zealand,2020-03-11,0.0,0.0,0.0,0.0,0.0,0.0,0.0,3.0,0.0,0.0,2.0,1.0,2.0,0.0,0.0,1.0368640420319795e-06,,,,NZL,4822233.0
New Zealand,2020-03-12,0.0,0.0,0.0,0.0,0.0,0.0,0.0,3.0,0.0,0.0,2.0,1.0,2.0,0.0,0.0,1.0368640420319795e-06,,,,NZL,4822233.0
New Zealand,2020-03-13,0.0,0.0,0.0,0.0,0.0,0.0,0.0,3.0,0.0,0.0,2.0,1.0,2.0,0.0,0.0,1.0368640420319795e-06,,,,NZL,4822233.0
New Zealand,2020-03-14,0.0,0.0,0.0,0.0,0.0,0.0,0.0,3.0,0.0,0.0,2.0,1.0,2.0,0.0,0.0,1.2442368504383757e-06,,,,NZL,4822233.0
New Zealand,2020-03-15,0.0,0.0,0.0,0.0,0.0,0.0,0.0,3.0,0.0,0.0,2.0,1.0,2.0,0.0,0.0,1.6589824672511677e-06,,,,NZL,4822233.0
New Zealand,2020-03-16,0.0,0.0,2.0,2.0,0.0,0.0,0.0,3.0,0.0,0.0,2.0,1.0,2.0,0.0,0.0,1.6589824672511677e-06,,,,NZL,4822233.0
New Zealand,2020-03-17,0.0,0.0,2.0,2.0,0.0,0.0,0.0,3.0,2.0,0.0,2.0,1.0,2.0,0.0,0.0,2.488473700876752e-06,,,,NZL,4822233.0
New Zealand,2020-03-18,0.0,0.0,2.0,2.0,0.0,0.0,0.0,3.0,2.0,0.0,2.0,1.0,2.0,0.0,0.0,4.147456168127919e-06,,,,NZL,4822233.0
New Zealand,2020-03-19,0.0,0.0,2.0,2.0,0.0,0.0,0.0,3.0,2.0,0.0,2.0,1.0,2.0,0.0,0.0,5.806438635379087e-06,,,,NZL,4822233.0
New Zealand,2020-03-20,0.0,0.0,2.0,2.0,0.0,0.0,0.0,4.0,2.0,0.0,2.0,1.0,2.0,0.0,0.0,8.087539527849442e-06,,,,NZL,4822233.0
New Zealand,2020-03-21,1.0,1.0,2.0,3.0,0.0,1.0,1.0,4.0,2.0,0.0,2.0,1.0,2.0,0.0,0.0,1.078338603713259e-05,,,,NZL,4822233.0
New Zealand,2020-03-22,1.0,1.0,2.0,3.0,0.0,1.0,1.0,4.0,2.0,0.0,2.0,1.0,2.0,0.0,0.0,2.115202645745239e-05,,,,NZL,4822233.0
New Zealand,2020-03-23,1.0,2.0,2.0,4.0,1.0,2.0,2.0,4.0,2.0,0.0,2.0,1.0,2.0,0.0,0.0,2.115202645745239e-05,,,,NZL,4822233.0
New Zealand,2020-03-24,3.0,2.0,2.0,4.0,1.0,2.0,2.0,4.0,2.0,1.0,2.0,1.0,2.0,0.0,0.0,3.2142785302991375e-05,,,,NZL,4822233.0
New Zealand,2020-03-25,3.0,3.0,2.0,4.0,1.0,2.0,2.0,4.0,2.0,1.0,2.0,1.0,2.0,0.0,0.0,4.251142572331117e-05,,,,NZL,4822233.0
New Zealand,2020-03-26,3.0,3.0,2.0,4.0,2.0,2.0,2.0,4.0,2.0,1.0,2.0,1.0,2.0,0.0,0.0,5.868650477901005e-05,,,,NZL,4822233.0
New Zealand,2020-03-27,3.0,3.0,2.0,4.0,2.0,2.0,2.0,4.0,2.0,1.0,2.0,1.0,2.0,0.0,0.0,7.631319349355371e-05,,,,NZL,4822233.0
New Zealand,2020-03-28,3.0,3.0,2.0,4.0,2.0,2.0,2.0,4.0,2.0,1.0,2.0,1.0,2.0,0.0,0.0,9.352513659128456e-05,,,,NZL,4822233.0
New Zealand,2020-03-29,3.0,3.0,2.0,4.0,2.0,2.0,2.0,4.0,2.0,1.0,2.0,1.0,2.0,0.0,0.0,0.0001065896235208,,,,NZL,4822233.0
New Zealand,2020-03-30,3.0,3.0,2.0,4.0,2.0,2.0,2.0,4.0,2.0,1.0,2.0,1.0,2.0,0.0,0.0,0.0001221425841513,,,,NZL,4822233.0
New Zealand,2020-03-31,3.0,3.0,2.0,4.0,2.0,2.0,2.0,4.0,2.0,1.0,2.0,1.0,2.0,0.0,0.0,0.0001341702070389,,,,NZL,4822233.0
New Zealand,2020-04-01,3.0,3.0,2.0,4.0,2.0,2.0,2.0,4.0,2.0,1.0,2.0,2.0,2.0,0.0,0.0,0.0001468199483517,,,,NZL,4822233.0
New Zealand,2020-04-02,3.0,3.0,2.0,4.0,2.0,2.0,2.0,4.0,2.0,1.0,2.0,2.0,2.0,0.0,0.0,0.0001652761282998,,,,NZL,4822233.0
New Zealand,2020-04-03,3.0,3.0,2.0,4.0,2.0,2.0,2.0,4.0,2.0,1.0,2.0,2.0,2.0,0.0,0.0,0.0001799995976967,,,,NZL,4822233.0
New Zealand,2020-04-04,3.0,3.0,2.0,4.0,2.0,2.0,2.0,4.0,2.0,1.0,2.0,2.0,2.0,0.0,0.0,0.000197004167986,,,,NZL,4822233.0
New Zealand,2020-04-05,3.0,3.0,2.0,4.0,2.0,2.0,2.0,4.0,2.0,1.0,2.0,2.0,2.0,0.0,0.0,0.0002154603479342,,,,NZL,4822233.0
New Zealand,2020-04-06,3.0,3.0,2.0,4.0,2.0,2.0,2.0,4.0,2.0,1.0,2.0,2.0,2.0,0.0,0.0,0.0002293543260974,,,,NZL,4822233.0
New Zealand,2020-04-07,3.0,3.0,2.0,4.0,2.0,2.0,2.0,4.0,2.0,1.0,2.0,2.0,2.0,0.0,0.0,0.0002405524577514,,,,NZL,4822233.0
New Zealand,2020-04-08,3.0,3.0,2.0,4.0,2.0,2.0,2.0,4.0,2.0,1.0,2.0,2.0,2.0,0.0,0.0,0.0002509210981717,,,,NZL,4822233.0
New Zealand,2020-04-09,3.0,3.0,2.0,4.0,2.0,2.0,2.0,4.0,2.0,1.0,2.0,2.0,2.0,0.0,0.0,0.0002569349096155,,,,NZL,4822233.0
New Zealand,2020-04-10,3.0,3.0,2.0,4.0,2.0,2.0,2.0,4.0,2.0,1.0,2.0,2.0,2.0,0.0,0.0,0.0002660593131854,,,,NZL,4822233.0
New Zealand,2020-04-11,3.0,3.0,2.0,4.0,2.0,2.0,2.0,4.0,2.0,1.0,2.0,2.0,2.0,0.0,0.0,0.0002720731246291,,,,NZL,4822233.0
New Zealand,2020-04-12,3.0,3.0,2.0,4.0,2.0,2.0,2.0,4.0,2.0,1.0,2.0,2.0,2.0,0.0,0.0,0.0002758058351805,,,,NZL,4822233.0
New Zealand,2020-04-13,3.0,3.0,2.0,4.0,2.0,2.0,2.0,4.0,2.0,1.0,2.0,2.0,2.0,0.0,0.0,0.0002797459185402,,,,NZL,4822233.0
New Zealand,2020-04-14,3.0,3.0,2.0,4.0,2.0,2.0,2.0,4.0,2.0,1.0,2.0,2.0,2.0,0.0,0.0,0.0002832712562831,,,,NZL,4822233.0
New Zealand,2020-04-15,3.0,3.0,2.0,4.0,2.0,2.0,2.0,4.0,2.0,1.0,2.0,2.0,2.0,0.0,0.0,0.0002874187124512,,,,NZL,4822233.0
New Zealand,2020-04-16,3.0,3.0,2.0,4.0,2.0,2.0,2.0,4.0,2.0,1.0,2.0,2.0,2.0,0.0,0.0,0.0002905293045773,,,,NZL,4822233.0
New Zealand,2020-04-17,3.0,3.0,2.0,4.0,2.0,2.0,2.0,4.0,2.0,1.0,2.0,2.0,2.0,0.0,0.0,0.0002921882870446,,,,NZL,4822233.0
New Zealand,2020-04-18,3.0,3.0,2.0,4.0,2.0,2.0,2.0,4.0,2.0,1.0,2.0,2.0,2.0,0.0,0.0,0.0002948841335538,,,,NZL,4822233.0
New Zealand,2020-04-19,3.0,3.0,2.0,4.0,2.0,2.0,2.0,4.0,2.0,1.0,2.0,2.0,2.0,0.0,0.0,0.0002967504888295,,,,NZL,4822233.0
New Zealand,2020-04-20,3.0,3.0,2.0,4.0,2.0,2.0,2.0,4.0,2.0,1.0,2.0,2.0,2.0,0.0,0.0,0.0002986168441052,,,,NZL,4822233.0
New Zealand,2020-04-21,3.0,3.0,2.0,4.0,2.0,2.0,2.0,4.0,2.0,1.0,2.0,2.0,2.0,0.0,0.0,0.0002996537081472,,,,NZL,4822233.0
New Zealand,2020-04-22,3.0,3.0,2.0,4.0,2.0,2.0,2.0,4.0,2.0,1.0,2.0,2.0,2.0,0.0,0.0,0.0003008979449976,,,,NZL,4822233.0
New Zealand,2020-04-23,3.0,3.0,2.0,4.0,2.0,2.0,2.0,4.0,2.0,1.0,2.0,2.0,2.0,0.0,0.0,0.0003019348090397,,,,NZL,4822233.0
New Zealand,2020-04-24,3.0,3.0,2.0,4.0,2.0,2.0,2.0,4.0,2.0,1.0,2.0,2.0,2.0,0.0,0.0,0.0003029716730817,,,,NZL,4822233.0
New Zealand,2020-04-25,3.0,3.0,2.0,4.0,2.0,2.0,2.0,4.0,2.0,1.0,2.0,2.0,2.0,0.0,0.0,0.0003048380283574,,,,NZL,4822233.0
New Zealand,2020-04-26,3.0,3.0,2.0,4.0,2.0,2.0,2.0,4.0,2.0,1.0,2.0,2.0,2.0,0.0,0.0,0.0003046306555489,,,,NZL,4822233.0
New Zealand,2020-04-27,3.0,3.0,2.0,4.0,2.0,2.0,2.0,4.0,2.0,1.0,2.0,2.0,2.0,0.0,0.0,0.0003052527739742,,,,NZL,4822233.0
New Zealand,2020-04-28,3.0,2.0,2.0,4.0,1.0,2.0,2.0,4.0,2.0,1.0,2.0,2.0,2.0,0.0,0.0,0.000305667519591,,,,NZL,4822233.0
New Zealand,2020-04-29,2.0,2.0,2.0,4.0,1.0,2.0,2.0,4.0,2.0,1.0,2.0,2.0,2.0,0.0,0.0,0.0003060822652078,,,,NZL,4822233.0
New Zealand,2020-04-30,2.0,2.0,2.0,4.0,1.0,2.0,2.0,4.0,2.0,1.0,2.0,2.0,2.0,0.0,0.0,0.000306704383633,,,,NZL,4822233.0
New Zealand,2020-05-01,2.0,2.0,2.0,4.0,1.0,2.0,2.0,4.0,2.0,1.0,2.0,2.0,2.0,0.0,0.0,0.0003079486204834,,,,NZL,4822233.0
New Zealand,2020-05-02,2.0,2.0,2.0,4.0,1.0,2.0,2.0,4.0,2.0,1.0,2.0,2.0,2.0,0.0,0.0,0.0003083633661003,,,,NZL,4822233.0
New Zealand,2020-05-03,2.0,2.0,2.0,4.0,1.0,2.0,2.0,4.0,2.0,1.0,2.0,2.0,2.0,0.0,0.0,0.0003083633661003,,,,NZL,4822233.0
New Zealand,2020-05-04,2.0,2.0,2.0,4.0,1.0,2.0,2.0,4.0,2.0,1.0,2.0,2.0,2.0,0.0,0.0,0.0003081559932919,,,,NZL,4822233.0
New Zealand,2020-05-05,2.0,2.0,2.0,4.0,1.0,2.0,2.0,4.0,2.0,1.0,2.0,2.0,2.0,0.0,0.0,0.0003085707389087,,,,NZL,4822233.0
New Zealand,2020-05-06,2.0,2.0,2.0,4.0,1.0,2.0,2.0,4.0,2.0,1.0,2.0,2.0,2.0,0.0,0.0,0.0003087781117171,,,,NZL,4822233.0
New Zealand,2020-05-07,2.0,2.0,2.0,4.0,1.0,2.0,2.0,4.0,2.0,1.0,2.0,2.0,2.0,0.0,0.0,0.0003089854845255,,,,NZL,4822233.0
New Zealand,2020-05-08,2.0,2.0,2.0,4.0,1.0,2.0,2.0,4.0,2.0,1.0,2.0,2.0,2.0,0.0,0.0,0.0003094002301423,,,,NZL,4822233.0
New Zealand,2020-05-09,2.0,2.0,2.0,4.0,1.0,2.0,2.0,4.0,2.0,1.0,2.0,2.0,2.0,0.0,0.0,0.0003098149757591,,,,NZL,4822233.0
New Zealand,2020-05-10,2.0,2.0,2.0,4.0,1.0,2.0,2.0,4.0,2.0,1.0,2.0,2.0,2.0,0.0,0.0,0.0003104370941843,,,,NZL,4822233.0
New Zealand,2020-05-11,2.0,2.0,2.0,4.0,1.0,2.0,2.0,4.0,2.0,1.0,2.0,2.0,2.0,0.0,0.0,0.0003104370941843,,,,NZL,4822233.0
New Zealand,2020-05-12,2.0,2.0,2.0,4.0,1.0,2.0,2.0,4.0,2.0,1.0,2.0,2.0,2.0,0.0,0.0,0.0003104370941843,,,,NZL,4822233.0
New Zealand,2020-05-13,2.0,2.0,2.0,4.0,1.0,2.0,2.0,4.0,2.0,1.0,2.0,2.0,2.0,0.0,0.0,0.0003104370941843,,,,NZL,4822233.0
New Zealand,2020-05-14,1.0,0.0,1.0,3.0,0.0,0.0,0.0,4.0,2.0,1.0,2.0,2.0,2.0,0.0,0.0,0.0003106444669927,,,,NZL,4822233.0
New Zealand,2020-05-15,1.0,0.0,1.0,3.0,0.0,0.0,0.0,4.0,2.0,1.0,2.0,2.0,2.0,0.0,0.0,0.0003106444669927,,,,NZL,4822233.0
New Zealand,2020-05-16,1.0,0.0,1.0,3.0,0.0,0.0,0.0,4.0,2.0,1.0,2.0,2.0,2.0,0.0,0.0,0.0003108518398011,,,,NZL,4822233.0
New Zealand,2020-05-17,1.0,0.0,1.0,3.0,0.0,0.0,0.0,4.0,2.0,1.0,2.0,2.0,2.0,0.0,0.0,0.0003108518398011,,,,NZL,4822233.0
New Zealand,2020-05-18,1.0,0.0,1.0,3.0,0.0,0.0,0.0,4.0,2.0,1.0,2.0,2.0,2.0,0.0,0.0,0.0003108518398011,,,,NZL,4822233.0
New Zealand,2020-05-19,1.0,0.0,1.0,3.0,0.0,0.0,0.0,4.0,2.0,1.0,2.0,2.0,2.0,0.0,0.0,0.0003116813310348,,,,NZL,4822233.0
New Zealand,2020-05-20,1.0,0.0,1.0,3.0,0.0,0.0,0.0,4.0,2.0,1.0,2.0,2.0,2.0,0.0,0.0,0.0003116813310348,,,,NZL,4822233.0
New Zealand,2020-05-21,1.0,0.0,1.0,3.0,0.0,0.0,0.0,4.0,2.0,1.0,2.0,2.0,2.0,0.0,0.0,0.0003118887038432,,,,NZL,4822233.0
New Zealand,2020-05-22,1.0,0.0,1.0,3.0,0.0,0.0,0.0,4.0,2.0,1.0,2.0,2.0,2.0,0.0,0.0,0.0003118887038432,,,,NZL,4822233.0
New Zealand,2020-05-23,1.0,0.0,1.0,3.0,0.0,0.0,0.0,4.0,2.0,1.0,2.0,2.0,2.0,0.0,0.0,0.0003118887038432,,,,NZL,4822233.0
New Zealand,2020-05-24,1.0,0.0,1.0,3.0,0.0,0.0,0.0,4.0,2.0,1.0,2.0,2.0,2.0,0.0,0.0,0.0003118887038432,,,,NZL,4822233.0
New Zealand,2020-05-25,1.0,0.0,1.0,3.0,0.0,0.0,0.0,4.0,2.0,1.0,2.0,2.0,2.0,0.0,0.0,0.0003118887038432,,,,NZL,4822233.0
New Zealand,2020-05-26,1.0,0.0,1.0,3.0,0.0,0.0,0.0,4.0,2.0,1.0,2.0,2.0,2.0,0.0,0.0,0.0003118887038432,,,,NZL,4822233.0
New Zealand,2020-05-27,1.0,0.0,1.0,3.0,0.0,0.0,0.0,4.0,2.0,1.0,2.0,2.0,2.0,0.0,0.0,0.0003118887038432,,,,NZL,4822233.0
New Zealand,2020-05-28,1.0,0.0,1.0,3.0,0.0,0.0,0.0,4.0,2.0,1.0,2.0,2.0,2.0,0.0,0.0,0.0003118887038432,,,,NZL,4822233.0
New Zealand,2020-05-29,1.0,0.0,1.0,2.0,0.0,0.0,0.0,4.0,2.0,1.0,2.0,2.0,2.0,0.0,0.0,0.0003118887038432,,,,NZL,4822233.0
New Zealand,2020-05-30,1.0,0.0,1.0,2.0,0.0,0.0,0.0,4.0,2.0,1.0,2.0,2.0,2.0,0.0,0.0,0.0003118887038432,,,,NZL,4822233.0
New Zealand,2020-05-31,1.0,0.0,1.0,2.0,0.0,0.0,0.0,4.0,2.0,1.0,2.0,2.0,2.0,0.0,0.0,0.0003118887038432,,,,NZL,4822233.0
New Zealand,2020-06-01,1.0,0.0,1.0,2.0,0.0,0.0,0.0,4.0,2.0,1.0,2.0,2.0,2.0,0.0,0.0,0.0003118887038432,,,,NZL,4822233.0
New Zealand,2020-06-02,1.0,0.0,1.0,2.0,0.0,0.0,0.0,4.0,2.0,1.0,2.0,2.0,2.0,0.0,0.0,0.0003118887038432,,,,NZL,4822233.0
New Zealand,2020-06-03,1.0,0.0,1.0,2.0,0.0,0.0,0.0,4.0,2.0,1.0,2.0,2.0,2.0,0.0,0.0,0.0003118887038432,,,,NZL,4822233.0
New Zealand,2020-06-04,1.0,0.0,1.0,2.0,0.0,0.0,0.0,4.0,2.0,1.0,2.0,2.0,2.0,0.0,0.0,0.0003118887038432,,,,NZL,4822233.0
New Zealand,2020-06-05,1.0,0.0,1.0,2.0,0.0,0.0,0.0,4.0,2.0,1.0,2.0,2.0,2.0,0.0,0.0,0.0003118887038432,,,,NZL,4822233.0
New Zealand,2020-06-06,1.0,0.0,1.0,2.0,0.0,0.0,0.0,4.0,2.0,1.0,2.0,2.0,2.0,0.0,0.0,0.0003118887038432,,,,NZL,4822233.0
New Zealand,2020-06-07,1.0,0.0,1.0,2.0,0.0,0.0,0.0,4.0,2.0,1.0,2.0,2.0,2.0,0.0,0.0,0.0003118887038432,,,,NZL,4822233.0
New Zealand,2020-06-08,0.0,0.0,0.0,0.0,0.0,0.0,0.0,4.0,2.0,1.0,2.0,2.0,2.0,0.0,0.0,0.0003118887038432,,,,NZL,4822233.0
New Zealand,2020-06-09,0.0,0.0,0.0,0.0,0.0,0.0,0.0,4.0,2.0,1.0,2.0,2.0,2.0,0.0,0.0,0.0003118887038432,,,,NZL,4822233.0
New Zealand,2020-06-10,0.0,0.0,0.0,0.0,0.0,0.0,0.0,4.0,2.0,1.0,2.0,2.0,2.0,0.0,0.0,0.0003118887038432,,,,NZL,4822233.0
New Zealand,2020-06-11,0.0,0.0,0.0,0.0,0.0,0.0,0.0,4.0,2.0,1.0,2.0,2.0,2.0,0.0,0.0,0.0003118887038432,,,,NZL,4822233.0
New Zealand,2020-06-12,0.0,0.0,0.0,0.0,0.0,0.0,0.0,4.0,2.0,1.0,2.0,2.0,2.0,0.0,0.0,0.0003118887038432,,,,NZL,4822233.0
New Zealand,2020-06-13,0.0,0.0,0.0,0.0,0.0,0.0,0.0,4.0,2.0,1.0,2.0,2.0,2.0,0.0,0.0,0.0003118887038432,,,,NZL,4822233.0
New Zealand,2020-06-14,0.0,0.0,0.0,0.0,0.0,0.0,0.0,4.0,2.0,1.0,2.0,2.0,2.0,0.0,0.0,0.0003118887038432,,,,NZL,4822233.0
New Zealand,2020-06-15,0.0,0.0,0.0,0.0,0.0,0.0,0.0,4.0,2.0,1.0,2.0,2.0,2.0,0.0,0.0,0.00031230344946,,,,NZL,4822233.0
New Zealand,2020-06-16,0.0,0.0,0.0,0.0,0.0,0.0,0.0,4.0,2.0,1.0,2.0,2.0,2.0,0.0,0.0,0.00031230344946,,,,NZL,4822233.0
New Zealand,2020-06-17,0.0,0.0,0.0,0.0,0.0,0.0,0.0,4.0,2.0,1.0,2.0,2.0,2.0,0.0,0.0,0.0003125108222684,,,,NZL,4822233.0
New Zealand,2020-06-18,0.0,0.0,0.0,0.0,0.0,0.0,0.0,4.0,2.0,1.0,2.0,2.0,2.0,0.0,0.0,0.0003125108222684,,,,NZL,4822233.0
New Zealand,2020-06-19,0.0,0.0,0.0,0.0,0.0,0.0,0.0,4.0,2.0,1.0,2.0,2.0,2.0,0.0,0.0,0.0003129255678852,,,,NZL,4822233.0
New Zealand,2020-06-20,0.0,0.0,0.0,0.0,0.0,0.0,0.0,4.0,2.0,1.0,2.0,2.0,2.0,0.0,0.0,0.000313340313502,,,,NZL,4822233.0
New Zealand,2020-06-21,0.0,0.0,0.0,0.0,0.0,0.0,0.0,4.0,2.0,1.0,2.0,2.0,2.0,0.0,0.0,0.0003137550591188,,,,NZL,4822233.0
New Zealand,2020-06-22,0.0,0.0,0.0,0.0,0.0,0.0,0.0,4.0,2.0,1.0,2.0,2.0,2.0,0.0,0.0,0.0003141698047356,,,,NZL,4822233.0
New Zealand,2020-06-23,0.0,0.0,0.0,0.0,0.0,0.0,0.0,4.0,2.0,1.0,2.0,2.0,2.0,0.0,0.0,0.000314377177544,,,,NZL,4822233.0
New Zealand,2020-06-24,0.0,0.0,0.0,0.0,0.0,0.0,0.0,4.0,2.0,1.0,2.0,2.0,2.0,0.0,0.0,0.0003149992959693,,,,NZL,4822233.0
New Zealand,2020-06-25,0.0,0.0,0.0,0.0,0.0,0.0,0.0,4.0,2.0,1.0,2.0,2.0,2.0,0.0,0.0,0.0003152066687777,,,,NZL,4822233.0
New Zealand,2020-06-26,0.0,0.0,0.0,0.0,0.0,0.0,0.0,4.0,2.0,1.0,2.0,2.0,2.0,0.0,0.0,0.0003156214143945,,,,NZL,4822233.0
New Zealand,2020-06-27,0.0,0.0,0.0,0.0,0.0,0.0,0.0,4.0,2.0,1.0,2.0,2.0,2.0,0.0,0.0,0.0003164509056281,,,,NZL,4822233.0
New Zealand,2020-06-28,0.0,0.0,0.0,0.0,0.0,0.0,0.0,4.0,2.0,1.0,2.0,2.0,2.0,0.0,0.0,0.0003168656512449,,,,NZL,4822233.0
New Zealand,2020-06-29,0.0,0.0,0.0,0.0,0.0,0.0,0.0,4.0,2.0,1.0,2.0,2.0,2.0,0.0,0.0,0.0003168656512449,,,,NZL,4822233.0
New Zealand,2020-06-30,0.0,0.0,0.0,0.0,0.0,0.0,0.0,4.0,2.0,1.0,2.0,2.0,2.0,0.0,0.0,0.0003168656512449,,,,NZL,4822233.0
New Zealand,2020-07-01,0.0,0.0,0.0,0.0,0.0,0.0,0.0,4.0,2.0,1.0,2.0,2.0,2.0,0.0,0.0,0.0003172803968617,,,,NZL,4822233.0
New Zealand,2020-07-02,0.0,0.0,0.0,0.0,0.0,0.0,0.0,4.0,2.0,1.0,2.0,2.0,2.0,0.0,0.0,0.0003172803968617,,,,NZL,4822233.0
New Zealand,2020-07-03,0.0,0.0,0.0,0.0,0.0,0.0,0.0,4.0,2.0,1.0,2.0,2.0,2.0,0.0,0.0,0.0003172803968617,,,,NZL,4822233.0
New Zealand,2020-07-04,0.0,0.0,0.0,0.0,0.0,0.0,0.0,4.0,2.0,1.0,2.0,2.0,2.0,0.0,0.0,0.000317902515287,,,,NZL,4822233.0
New Zealand,2020-07-05,0.0,0.0,0.0,0.0,0.0,0.0,0.0,4.0,2.0,1.0,2.0,2.0,2.0,0.0,0.0,0.0003181098880954,,,,NZL,4822233.0
New Zealand,2020-07-06,0.0,0.0,0.0,0.0,0.0,0.0,0.0,4.0,2.0,1.0,2.0,2.0,2.0,0.0,0.0,0.0003185246337122,,,,NZL,4822233.0
New Zealand,2020-07-07,0.0,0.0,0.0,0.0,0.0,0.0,0.0,4.0,2.0,1.0,2.0,2.0,2.0,0.0,0.0,0.0003187320065206,,,,NZL,4822233.0
New Zealand,2020-07-08,0.0,0.0,0.0,0.0,0.0,0.0,0.0,4.0,2.0,1.0,2.0,2.0,2.0,0.0,0.0,0.0003193541249458,,,,NZL,4822233.0
New Zealand,2020-07-09,0.0,0.0,0.0,0.0,0.0,0.0,0.0,4.0,2.0,1.0,2.0,2.0,2.0,0.0,0.0,0.0003197688705626,,,,NZL,4822233.0
New Zealand,2020-07-10,0.0,0.0,0.0,0.0,0.0,0.0,0.0,4.0,2.0,2.0,2.0,2.0,2.0,0.0,0.0,0.000319976243371,,,,NZL,4822233.0
New Zealand,2020-07-11,0.0,0.0,0.0,0.0,0.0,0.0,0.0,4.0,2.0,2.0,2.0,2.0,2.0,0.0,0.0,0.0003201836161794,,,,NZL,4822233.0
New Zealand,2020-07-12,0.0,0.0,0.0,0.0,0.0,0.0,0.0,4.0,2.0,2.0,2.0,2.0,2.0,0.0,0.0,0.0003201836161794,,,,NZL,4822233.0
New Zealand,2020-07-13,0.0,0.0,0.0,0.0,0.0,0.0,0.0,4.0,2.0,2.0,2.0,2.0,2.0,0.0,0.0,0.0003203909889878,,,,NZL,4822233.0
New Zealand,2020-07-14,0.0,0.0,0.0,0.0,0.0,0.0,0.0,4.0,2.0,2.0,2.0,2.0,2.0,0.0,0.0,0.0003208057346046,,,,NZL,4822233.0
New Zealand,2020-07-15,0.0,0.0,0.0,0.0,0.0,0.0,0.0,4.0,2.0,2.0,2.0,2.0,2.0,0.0,0.0,0.0003210131074131,,,,NZL,4822233.0
New Zealand,2020-07-16,0.0,0.0,0.0,0.0,0.0,0.0,0.0,4.0,2.0,2.0,2.0,2.0,2.0,0.0,0.0,0.0003212204802215,,,,NZL,4822233.0
New Zealand,2020-07-17,0.0,0.0,0.0,0.0,0.0,0.0,0.0,4.0,2.0,2.0,2.0,2.0,2.0,0.0,0.0,0.0003214278530299,,,,NZL,4822233.0
New Zealand,2020-07-18,0.0,0.0,0.0,0.0,0.0,0.0,0.0,4.0,2.0,2.0,2.0,2.0,2.0,0.0,0.0,0.0003220499714551,,,,NZL,4822233.0
New Zealand,2020-07-19,0.0,0.0,0.0,0.0,0.0,0.0,0.0,4.0,2.0,2.0,2.0,2.0,2.0,0.0,0.0,0.0003222573442635,,,,NZL,4822233.0
New Zealand,2020-07-20,0.0,0.0,0.0,0.0,0.0,0.0,0.0,4.0,2.0,2.0,2.0,2.0,2.0,0.0,0.0,0.0003224647170719,,,,NZL,4822233.0
New Zealand,2020-07-21,0.0,0.0,0.0,0.0,0.0,0.0,0.0,4.0,2.0,2.0,2.0,2.0,2.0,0.0,0.0,0.0003224647170719,,,,NZL,4822233.0
New Zealand,2020-07-22,0.0,0.0,0.0,0.0,0.0,0.0,0.0,4.0,2.0,2.0,2.0,2.0,2.0,0.0,0.0,0.0003224647170719,,,,NZL,4822233.0
New Zealand,2020-07-23,0.0,0.0,0.0,0.0,0.0,0.0,0.0,4.0,2.0,2.0,2.0,2.0,2.0,0.0,0.0,0.0003226720898803,,,,NZL,4822233.0
New Zealand,2020-07-24,0.0,0.0,0.0,0.0,0.0,0.0,0.0,4.0,2.0,2.0,2.0,2.0,2.0,0.0,0.0,0.0003226720898803,,,,NZL,4822233.0
New Zealand,2020-07-25,0.0,0.0,0.0,0.0,0.0,0.0,0.0,4.0,2.0,2.0,2.0,2.0,2.0,0.0,0.0,0.0003226720898803,,,,NZL,4822233.0
New Zealand,2020-07-26,0.0,0.0,0.0,0.0,0.0,0.0,0.0,4.0,2.0,2.0,2.0,2.0,2.0,0.0,0.0,0.0003226720898803,,,,NZL,4822233.0
New Zealand,2020-07-27,0.0,0.0,0.0,0.0,0.0,0.0,0.0,4.0,2.0,2.0,2.0,2.0,2.0,0.0,0.0,0.0003228794626887,,,,NZL,4822233.0
New Zealand,2020-07-28,0.0,0.0,0.0,0.0,0.0,0.0,0.0,4.0,2.0,2.0,2.0,2.0,2.0,0.0,0.0,0.0003232942083055,,,,NZL,4822233.0
New Zealand,2020-07-29,0.0,0.0,0.0,0.0,0.0,0.0,0.0,4.0,2.0,2.0,2.0,2.0,2.0,0.0,0.0,0.0003235015811139,,,,NZL,4822233.0
New Zealand,2020-07-30,0.0,0.0,0.0,0.0,0.0,0.0,0.0,4.0,2.0,2.0,2.0,2.0,2.0,0.0,0.0,0.0003235015811139,,,,NZL,4822233.0
New Zealand,2020-07-31,0.0,0.0,0.0,0.0,0.0,0.0,0.0,4.0,2.0,2.0,2.0,2.0,2.0,0.0,0.0,0.0003239163267307,,,,NZL,4822233.0
New Zealand,2020-08-01,0.0,0.0,0.0,0.0,0.0,0.0,0.0,4.0,2.0,2.0,2.0,2.0,2.0,0.0,0.0,0.000324538445156,,,,NZL,4822233.0
New Zealand,2020-08-02,0.0,0.0,0.0,0.0,0.0,0.0,0.0,4.0,2.0,2.0,2.0,2.0,2.0,0.0,0.0,0.0003249531907728,,,,NZL,4822233.0
New Zealand,2020-08-03,0.0,0.0,0.0,0.0,0.0,0.0,0.0,4.0,2.0,2.0,2.0,2.0,2.0,0.0,0.0,0.0003249531907728,,,,NZL,4822233.0
New Zealand,2020-08-04,0.0,0.0,0.0,0.0,0.0,0.0,0.0,4.0,2.0,2.0,2.0,2.0,2.0,0.0,0.0,0.0003253679363896,,,,NZL,4822233.0
New Zealand,2020-08-05,0.0,0.0,0.0,0.0,0.0,0.0,0.0,4.0,2.0,2.0,2.0,2.0,2.0,0.0,0.0,0.0003253679363896,,,,NZL,4822233.0
New Zealand,2020-08-06,0.0,0.0,0.0,0.0,0.0,0.0,0.0,4.0,2.0,2.0,2.0,2.0,2.0,0.0,0.0,0.0003253679363896,,,,NZL,4822233.0
New Zealand,2020-08-07,0.0,0.0,0.0,0.0,0.0,0.0,0.0,4.0,2.0,2.0,2.0,2.0,2.0,0.0,0.0,0.0003253679363896,,,,NZL,4822233.0
New Zealand,2020-08-08,0.0,0.0,0.0,0.0,0.0,0.0,0.0,4.0,2.0,2.0,2.0,2.0,2.0,0.0,0.0,0.0003253679363896,,,,NZL,4822233.0
New Zealand,2020-08-09,0.0,0.0,0.0,0.0,0.0,0.0,0.0,4.0,2.0,2.0,2.0,2.0,2.0,0.0,0.0,0.0003253679363896,,,,NZL,4822233.0
New Zealand,2020-08-10,0.0,0.0,0.0,0.0,0.0,0.0,0.0,4.0,2.0,2.0,2.0,2.0,2.0,0.0,0.0,0.000325575309198,,,,NZL,4822233.0
New Zealand,2020-08-11,0.0,0.0,0.0,0.0,0.0,0.0,0.0,4.0,2.0,2.0,2.0,2.0,2.0,0.0,0.0,0.000325575309198,,,,NZL,4822233.0
New Zealand,2020-08-12,2.0,3.0,2.0,4.0,0.0,2.0,2.0,4.0,2.0,2.0,2.0,2.0,2.0,1.0,0.0,0.0003295153925577,,,,NZL,4822233.0
New Zealand,2020-08-13,2.0,3.0,2.0,4.0,0.0,2.0,2.0,4.0,2.0,2.0,2.0,2.0,2.0,1.0,0.0,0.000332211239067,,,,NZL,4822233.0
New Zealand,2020-08-14,2.0,3.0,2.0,4.0,0.0,2.0,2.0,4.0,2.0,2.0,2.0,2.0,2.0,1.0,0.0,0.0003336628487258,,,,NZL,4822233.0
New Zealand,2020-08-15,2.0,3.0,2.0,4.0,0.0,2.0,2.0,4.0,2.0,2.0,2.0,2.0,2.0,1.0,0.0,0.0003363586952351,,,,NZL,4822233.0
New Zealand,2020-08-16,2.0,3.0,2.0,4.0,0.0,2.0,2.0,4.0,2.0,2.0,2.0,2.0,2.0,1.0,0.0,0.0003382250505108,,,,NZL,4822233.0
New Zealand,2020-08-17,2.0,3.0,2.0,4.0,0.0,2.0,2.0,4.0,2.0,2.0,2.0,2.0,2.0,1.0,0.0,0.0003407135242117,,,,NZL,4822233.0
New Zealand,2020-08-18,2.0,3.0,2.0,4.0,0.0,2.0,2.0,4.0,2.0,2.0,2.0,2.0,2.0,1.0,0.0,0.0003419577610621,,,,NZL,4822233.0
New Zealand,2020-08-19,2.0,3.0,2.0,4.0,0.0,2.0,2.0,4.0,2.0,2.0,2.0,2.0,2.0,1.0,0.0,0.0003429946251041,,,,NZL,4822233.0
New Zealand,2020-08-20,2.0,3.0,2.0,4.0,0.0,2.0,2.0,4.0,2.0,2.0,2.0,2.0,2.0,1.0,0.0,0.0003452757259966,,,,NZL,4822233.0
New Zealand,2020-08-21,2.0,3.0,2.0,4.0,0.0,2.0,2.0,4.0,2.0,2.0,2.0,2.0,2.0,1.0,0.0,0.000346519962847,,,,NZL,4822233.0
New Zealand,2020-08-22,2.0,3.0,2.0,4.0,0.0,2.0,2.0,4.0,2.0,2.0,2.0,2.0,2.0,1.0,0.0,0.0003471420812723,,,,NZL,4822233.0
New Zealand,2020-08-23,2.0,3.0,2.0,4.0,0.0,2.0,2.0,4.0,2.0,2.0,2.0,2.0,2.0,1.0,0.0,0.0003490084365479,,,,NZL,4822233.0
New Zealand,2020-08-24,2.0,3.0,2.0,4.0,0.0,2.0,2.0,4.0,2.0,2.0,2.0,2.0,2.0,1.0,0.0,0.0003504600462068,,,,NZL,4822233.0
New Zealand,2020-08-25,2.0,3.0,2.0,4.0,0.0,2.0,2.0,4.0,2.0,2.0,2.0,2.0,2.0,1.0,0.0,0.0003514969102488,,,,NZL,4822233.0
New Zealand,2020-08-26,2.0,3.0,2.0,4.0,0.0,2.0,2.0,4.0,2.0,2.0,2.0,2.0,2.0,1.0,0.0,0.0003529485199076,,,,NZL,4822233.0
New Zealand,2020-08-27,2.0,3.0,2.0,4.0,0.0,2.0,2.0,4.0,2.0,2.0,2.0,2.0,2.0,1.0,0.0,0.0003554369936085,,,,NZL,4822233.0
New Zealand,2020-08-28,2.0,3.0,2.0,4.0,0.0,2.0,2.0,4.0,2.0,2.0,2.0,2.0,2.0,1.0,0.0,0.0003581328401178,,,,NZL,4822233.0
New Zealand,2020-08-29,2.0,3.0,2.0,4.0,0.0,2.0,2.0,4.0,2.0,2.0,2.0,2.0,2.0,1.0,0.0,0.0003585475857346,,,,NZL,4822233.0
New Zealand,2020-08-30,2.0,3.0,2.0,4.0,0.0,2.0,2.0,4.0,2.0,2.0,2.0,2.0,2.0,2.0,0.0,0.0003604139410103,,,,NZL,4822233.0
New Zealand,2020-08-31,1.0,1.0,2.0,4.0,0.0,0.0,0.0,4.0,2.0,2.0,2.0,2.0,2.0,2.0,0.0,0.000363317160328,,,,NZL,4822233.0
New Zealand,2020-09-01,1.0,1.0,2.0,4.0,0.0,0.0,0.0,4.0,2.0,2.0,2.0,2.0,2.0,2.0,0.0,0.00036435402437,,,,NZL,4822233.0
New Zealand,2020-09-02,1.0,1.0,2.0,4.0,0.0,0.0,0.0,4.0,2.0,2.0,2.0,2.0,2.0,2.0,0.0,0.0003647687699868,,,,NZL,4822233.0
New Zealand,2020-09-03,1.0,1.0,2.0,4.0,0.0,0.0,0.0,4.0,2.0,2.0,2.0,2.0,2.0,2.0,0.0,0.0003658056340288,,,,NZL,4822233.0
New Zealand,2020-09-04,1.0,1.0,2.0,4.0,0.0,0.0,0.0,4.0,2.0,2.0,2.0,2.0,2.0,2.0,0.0,0.0003664277524541,,,,NZL,4822233.0
New Zealand,2020-09-05,1.0,1.0,2.0,4.0,0.0,0.0,0.0,4.0,2.0,2.0,2.0,2.0,2.0,2.0,0.0,0.0003674646164961,,,,NZL,4822233.0
New Zealand,2020-09-06,1.0,1.0,2.0,4.0,0.0,0.0,0.0,4.0,2.0,2.0,2.0,2.0,2.0,2.0,0.0,0.0003682941077297,,,,NZL,4822233.0
New Zealand,2020-09-07,1.0,1.0,2.0,4.0,0.0,0.0,0.0,4.0,2.0,2.0,2.0,2.0,2.0,2.0,0.0,0.0003695383445801,,,,NZL,4822233.0
New Zealand,2020-09-08,1.0,1.0,2.0,4.0,0.0,0.0,0.0,4.0,2.0,2.0,2.0,2.0,2.0,2.0,0.0,0.0003707825814306,,,,NZL,4822233.0
New Zealand,2020-09-09,1.0,1.0,2.0,4.0,0.0,0.0,0.0,4.0,2.0,2.0,2.0,2.0,2.0,2.0,0.0,0.0003716120726642,,,,NZL,4822233.0
New Zealand,2020-09-10,1.0,1.0,2.0,4.0,0.0,0.0,0.0,4.0,2.0,2.0,2.0,2.0,2.0,2.0,0.0,0.0003718194454726,,,,NZL,4822233.0
New Zealand,2020-09-11,1.0,1.0,2.0,4.0,0.0,0.0,0.0,4.0,2.0,2.0,2.0,2.0,2.0,2.0,0.0,0.0003722341910894,,,,NZL,4822233.0
New Zealand,2020-09-12,1.0,1.0,2.0,4.0,0.0,0.0,0.0,4.0,2.0,2.0,2.0,2.0,2.0,2.0,0.0,0.0003726489367062,,,,NZL,4822233.0
New Zealand,2020-09-13,1.0,1.0,2.0,4.0,0.0,0.0,0.0,4.0,2.0,2.0,2.0,2.0,2.0,2.0,0.0,0.0003728563095146,,,,NZL,4822233.0
New Zealand,2020-09-14,1.0,1.0,2.0,4.0,0.0,0.0,0.0,4.0,2.0,2.0,2.0,2.0,2.0,2.0,0.0,0.0003734784279399,,,,NZL,4822233.0
New Zealand,2020-09-15,1.0,1.0,2.0,4.0,0.0,0.0,0.0,4.0,2.0,2.0,2.0,2.0,2.0,2.0,0.0,0.0003736858007483,,,,NZL,4822233.0
New Zealand,2020-09-16,1.0,1.0,2.0,4.0,0.0,0.0,0.0,4.0,2.0,2.0,2.0,2.0,2.0,2.0,0.0,0.0003751374104071,,,,NZL,4822233.0
New Zealand,2020-09-17,1.0,1.0,2.0,4.0,0.0,0.0,0.0,4.0,2.0,2.0,2.0,2.0,2.0,2.0,0.0,0.0003751374104071,,,,NZL,4822233.0
New Zealand,2020-09-18,1.0,1.0,2.0,4.0,0.0,0.0,0.0,4.0,2.0,2.0,2.0,2.0,2.0,2.0,0.0,0.0003755521560239,,,,NZL,4822233.0
New Zealand,2020-09-19,1.0,1.0,2.0,4.0,0.0,0.0,0.0,4.0,2.0,2.0,2.0,2.0,2.0,2.0,0.0,0.0003763816472576,,,,NZL,4822233.0
New Zealand,2020-09-20,1.0,1.0,2.0,4.0,0.0,0.0,0.0,4.0,2.0,2.0,2.0,2.0,2.0,2.0,0.0,0.0003763816472576,,,,NZL,4822233.0
New Zealand,2020-09-21,1.0,1.0,2.0,4.0,0.0,0.0,0.0,4.0,2.0,2.0,2.0,2.0,2.0,2.0,0.0,0.0003763816472576,,,,NZL,4822233.0
New Zealand,2020-09-22,1.0,1.0,2.0,4.0,0.0,0.0,0.0,4.0,2.0,2.0,2.0,2.0,2.0,2.0,0.0,0.0003782480025332,,,,NZL,4822233.0
New Zealand,2020-09-23,1.0,1.0,2.0,3.0,0.0,0.0,0.0,4.0,2.0,2.0,2.0,2.0,2.0,2.0,0.0,0.0003788701209584,,,,NZL,4822233.0
New Zealand,2020-09-24,1.0,1.0,2.0,3.0,0.0,0.0,0.0,4.0,2.0,2.0,2.0,2.0,2.0,2.0,0.0,0.0003792848665752,,,,NZL,4822233.0
New Zealand,2020-09-25,1.0,1.0,2.0,3.0,0.0,0.0,0.0,4.0,2.0,2.0,2.0,2.0,2.0,2.0,0.0,0.0003796996121921,,,,NZL,4822233.0
New Zealand,2020-09-26,1.0,1.0,2.0,3.0,0.0,0.0,0.0,4.0,2.0,2.0,2.0,2.0,2.0,2.0,0.0,0.0003801143578089,,,,NZL,4822233.0
New Zealand,2020-09-27,1.0,1.0,2.0,3.0,0.0,0.0,0.0,4.0,2.0,2.0,2.0,2.0,2.0,2.0,0.0,0.0003801143578089,,,,NZL,4822233.0
New Zealand,2020-09-28,1.0,1.0,2.0,3.0,0.0,0.0,0.0,4.0,2.0,2.0,2.0,2.0,2.0,2.0,0.0,0.0003805291034257,,,,NZL,4822233.0
New Zealand,2020-09-29,1.0,1.0,2.0,3.0,0.0,0.0,0.0,4.0,2.0,2.0,2.0,2.0,2.0,2.0,0.0,0.0003807364762341,,,,NZL,4822233.0
New Zealand,2020-09-30,1.0,1.0,2.0,3.0,0.0,0.0,0.0,4.0,2.0,2.0,2.0,2.0,2.0,2.0,0.0,0.000383224949935,,,,NZL,4822233.0
New Zealand,2020-10-01,1.0,1.0,2.0,3.0,0.0,0.0,0.0,4.0,2.0,2.0,2.0,2.0,2.0,2.0,0.0,0.000383224949935,,,,NZL,4822233.0
New Zealand,2020-10-02,1.0,1.0,2.0,3.0,0.0,0.0,0.0,4.0,2.0,2.0,2.0,2.0,2.0,2.0,0.0,0.0003834323227434,,,,NZL,4822233.0
New Zealand,2020-10-03,1.0,1.0,2.0,3.0,0.0,0.0,0.0,4.0,2.0,2.0,2.0,2.0,2.0,2.0,0.0,0.0003844691867854,,,,NZL,4822233.0
New Zealand,2020-10-04,1.0,1.0,2.0,3.0,0.0,0.0,0.0,4.0,2.0,2.0,2.0,2.0,2.0,2.0,0.0,0.0003846765595938,,,,NZL,4822233.0
New Zealand,2020-10-05,1.0,1.0,2.0,3.0,0.0,0.0,0.0,4.0,2.0,2.0,2.0,2.0,2.0,2.0,0.0,0.000385298678019,,,,NZL,4822233.0
New Zealand,2020-10-06,1.0,1.0,2.0,3.0,0.0,0.0,0.0,4.0,2.0,2.0,2.0,2.0,2.0,2.0,0.0,0.0003859207964443,,,,NZL,4822233.0
New Zealand,2020-10-07,0.0,0.0,0.0,0.0,0.0,0.0,0.0,4.0,2.0,2.0,2.0,2.0,2.0,1.0,0.0,0.0003865429148695,,,,NZL,4822233.0
New Zealand,2020-10-08,0.0,0.0,0.0,0.0,0.0,0.0,0.0,4.0,2.0,2.0,2.0,2.0,2.0,1.0,0.0,0.0003869576604863,,,,NZL,4822233.0
New Zealand,2020-10-09,0.0,0.0,0.0,0.0,0.0,0.0,0.0,4.0,2.0,2.0,2.0,2.0,2.0,1.0,0.0,0.0003877871517199,,,,NZL,4822233.0
New Zealand,2020-10-10,0.0,0.0,0.0,0.0,0.0,0.0,0.0,4.0,2.0,2.0,2.0,2.0,2.0,1.0,0.0,0.0003879945245283,,,,NZL,4822233.0
New Zealand,2020-10-11,0.0,0.0,0.0,0.0,0.0,0.0,0.0,4.0,2.0,2.0,2.0,2.0,2.0,1.0,0.0,0.0003879945245283,,,,NZL,4822233.0
New Zealand,2020-10-12,0.0,0.0,0.0,0.0,0.0,0.0,0.0,4.0,2.0,2.0,2.0,2.0,2.0,1.0,0.0,0.0003882018973367,,,,NZL,4822233.0
New Zealand,2020-10-13,0.0,0.0,0.0,0.0,0.0,0.0,0.0,4.0,2.0,2.0,2.0,2.0,2.0,1.0,0.0,0.0003886166429535,,,,NZL,4822233.0
New Zealand,2020-10-14,0.0,0.0,0.0,0.0,0.0,0.0,0.0,4.0,2.0,2.0,2.0,2.0,2.0,1.0,0.0,0.0003890313885703,,,,NZL,4822233.0
New Zealand,2020-10-15,0.0,0.0,0.0,0.0,0.0,0.0,0.0,4.0,2.0,2.0,2.0,2.0,2.0,1.0,0.0,0.000389860879804,,,,NZL,4822233.0
New Zealand,2020-10-16,0.0,0.0,0.0,0.0,0.0,0.0,0.0,4.0,2.0,2.0,2.0,2.0,2.0,1.0,0.0,0.0003904829982292,,,,NZL,4822233.0
New Zealand,2020-10-17,0.0,0.0,0.0,0.0,0.0,0.0,0.0,4.0,2.0,2.0,2.0,2.0,2.0,1.0,0.0,0.0003911051166544,,,,NZL,4822233.0
New Zealand,2020-10-18,0.0,0.0,0.0,0.0,0.0,0.0,0.0,4.0,2.0,2.0,2.0,2.0,2.0,1.0,0.0,0.0003911051166544,,,,NZL,4822233.0
New Zealand,2020-10-19,0.0,0.0,0.0,0.0,0.0,0.0,0.0,4.0,2.0,2.0,2.0,2.0,2.0,1.0,0.0,0.0003913124894628,,,,NZL,4822233.0
New Zealand,2020-10-20,0.0,0.0,0.0,0.0,0.0,0.0,0.0,4.0,2.0,2.0,2.0,2.0,2.0,1.0,0.0,0.000396496809673,,,,NZL,4822233.0
New Zealand,2020-10-21,0.0,0.0,0.0,0.0,0.0,0.0,0.0,4.0,2.0,2.0,2.0,2.0,2.0,1.0,0.0,0.0003969115552898,,,,NZL,4822233.0
New Zealand,2020-10-22,0.0,0.0,0.0,0.0,0.0,0.0,0.0,4.0,2.0,2.0,2.0,2.0,2.0,1.0,0.0,0.0003987779105654,,,,NZL,4822233.0
New Zealand,2020-10-23,0.0,0.0,0.0,0.0,0.0,0.0,0.0,4.0,2.0,2.0,2.0,2.0,2.0,1.0,0.0,0.0004010590114579,,,,NZL,4822233.0
New Zealand,2020-10-24,0.0,0.0,0.0,0.0,0.0,0.0,0.0,4.0,2.0,2.0,2.0,2.0,2.0,1.0,0.0,0.0004012663842663,,,,NZL,4822233.0
New Zealand,2020-10-25,0.0,0.0,0.0,0.0,0.0,0.0,0.0,4.0,2.0,2.0,2.0,2.0,2.0,1.0,0.0,0.0004023032483084,,,,NZL,4822233.0
New Zealand,2020-10-26,0.0,0.0,0.0,0.0,0.0,0.0,0.0,4.0,2.0,2.0,2.0,2.0,2.0,1.0,0.0,0.0004025106211168,,,,NZL,4822233.0
New Zealand,2020-10-27,0.0,0.0,0.0,0.0,0.0,0.0,0.0,4.0,2.0,2.0,2.0,2.0,2.0,1.0,0.0,0.0004029253667336,,,,NZL,4822233.0
New Zealand,2020-10-28,0.0,0.0,0.0,0.0,0.0,0.0,0.0,4.0,2.0,2.0,2.0,2.0,2.0,1.0,0.0,0.000404169603584,,,,NZL,4822233.0
New Zealand,2020-10-29,0.0,0.0,0.0,0.0,0.0,0.0,0.0,4.0,2.0,2.0,2.0,2.0,2.0,1.0,0.0,0.0004043769763924,,,,NZL,4822233.0
New Zealand,2020-10-30,0.0,0.0,0.0,0.0,0.0,0.0,0.0,4.0,2.0,2.0,2.0,2.0,2.0,1.0,0.0,0.0004058285860513,,,,NZL,4822233.0
New Zealand,2020-10-31,0.0,0.0,0.0,0.0,0.0,0.0,0.0,4.0,2.0,2.0,2.0,2.0,2.0,1.0,0.0,0.0004062433316681,,,,NZL,4822233.0
New Zealand,2020-11-01,0.0,0.0,0.0,0.0,0.0,0.0,0.0,4.0,1.0,2.0,2.0,2.0,2.0,1.0,0.0,0.0004070728229017,,,,NZL,4822233.0
New Zealand,2020-11-02,0.0,0.0,0.0,0.0,0.0,0.0,0.0,4.0,1.0,2.0,2.0,2.0,2.0,1.0,0.0,0.0004081096869437,,,,NZL,4822233.0
New Zealand,2020-11-03,0.0,0.0,0.0,0.0,0.0,0.0,0.0,4.0,1.0,2.0,2.0,2.0,2.0,1.0,0.0,0.000408731805369,,,,NZL,4822233.0
New Zealand,2020-11-04,0.0,0.0,0.0,0.0,0.0,0.0,0.0,4.0,1.0,2.0,2.0,2.0,2.0,1.0,0.0,0.0004091465509858,,,,NZL,4822233.0
New Zealand,2020-11-05,0.0,0.0,0.0,0.0,0.0,0.0,0.0,4.0,1.0,2.0,2.0,2.0,2.0,1.0,0.0,0.0004093539237942,,,,NZL,4822233.0
New Zealand,2020-11-06,0.0,0.0,0.0,0.0,0.0,0.0,0.0,4.0,1.0,2.0,2.0,2.0,2.0,1.0,0.0,0.000409768669411,,,,NZL,4822233.0
New Zealand,2020-11-07,0.0,0.0,0.0,0.0,0.0,0.0,0.0,4.0,1.0,2.0,2.0,2.0,2.0,1.0,0.0,0.0004110129062614,,,,NZL,4822233.0
New Zealand,2020-11-08,0.0,0.0,0.0,0.0,0.0,0.0,0.0,4.0,1.0,2.0,2.0,2.0,2.0,1.0,0.0,0.0004118423974951,,,,NZL,4822233.0
New Zealand,2020-11-09,0.0,0.0,0.0,0.0,0.0,0.0,0.0,4.0,1.0,2.0,2.0,2.0,2.0,1.0,0.0,0.0004120497703035,,,,NZL,4822233.0
New Zealand,2020-11-10,0.0,0.0,0.0,0.0,0.0,0.0,0.0,4.0,1.0,2.0,2.0,2.0,2.0,1.0,0.0,0.0004122571431119,,,,NZL,4822233.0
New Zealand,2020-11-11,0.0,0.0,0.0,0.0,0.0,0.0,0.0,4.0,1.0,2.0,2.0,2.0,2.0,1.0,0.0,0.0004128792615371,,,,NZL,4822233.0
New Zealand,2020-11-12,0.0,0.0,0.0,0.0,0.0,0.0,0.0,4.0,1.0,2.0,2.0,2.0,2.0,1.0,0.0,0.0004137087527707,,,,NZL,4822233.0
New Zealand,2020-11-13,0.0,0.0,0.0,0.0,0.0,0.0,0.0,4.0,1.0,2.0,2.0,2.0,2.0,1.0,0.0,0.0004143308711959,,,,NZL,4822233.0
New Zealand,2020-11-14,0.0,0.0,0.0,0.0,0.0,0.0,0.0,4.0,1.0,2.0,2.0,2.0,2.0,1.0,0.0,0.0004149529896211,,,,NZL,4822233.0
New Zealand,2020-11-15,0.0,0.0,0.0,0.0,0.0,0.0,0.0,4.0,1.0,2.0,2.0,2.0,2.0,1.0,0.0,0.0004149529896211,,,,NZL,4822233.0
New Zealand,2020-11-16,0.0,0.0,0.0,0.0,0.0,0.0,0.0,4.0,1.0,2.0,2.0,2.0,2.0,1.0,0.0,0.0004157824808548,,,,NZL,4822233.0
New Zealand,2020-11-17,0.0,0.0,0.0,0.0,0.0,0.0,0.0,4.0,1.0,2.0,2.0,2.0,2.0,1.0,0.0,0.00041640459928,,,,NZL,4822233.0
New Zealand,2020-11-18,0.0,0.0,0.0,0.0,0.0,0.0,0.0,4.0,1.0,2.0,2.0,2.0,2.0,1.0,0.0,0.0004168193448968,,,,NZL,4822233.0
New Zealand,2020-11-19,0.0,0.0,0.0,0.0,0.0,0.0,0.0,4.0,1.0,2.0,2.0,2.0,2.0,2.0,0.0,0.000417441463322,,,,NZL,4822233.0
New Zealand,2020-11-20,0.0,0.0,0.0,0.0,0.0,0.0,0.0,4.0,1.0,2.0,2.0,2.0,2.0,2.0,0.0,0.0004186857001725,,,,NZL,4822233.0
New Zealand,2020-11-21,0.0,0.0,0.0,0.0,0.0,0.0,0.0,4.0,1.0,2.0,2.0,2.0,2.0,2.0,0.0,0.0004205520554481,,,,NZL,4822233.0
New Zealand,2020-11-22,0.0,0.0,0.0,0.0,0.0,0.0,0.0,4.0,1.0,2.0,2.0,2.0,2.0,2.0,0.0,0.0004209668010649,,,,NZL,4822233.0
New Zealand,2020-11-23,0.0,0.0,0.0,0.0,0.0,0.0,0.0,4.0,1.0,2.0,2.0,2.0,2.0,2.0,0.0,0.0004211741738733,,,,NZL,4822233.0
New Zealand,2020-11-24,0.0,0.0,0.0,0.0,0.0,0.0,0.0,4.0,1.0,2.0,2.0,2.0,2.0,2.0,0.0,0.0004228331563406,,,,NZL,4822233.0
New Zealand,2020-11-25,0.0,0.0,0.0,0.0,0.0,0.0,0.0,4.0,1.0,2.0,2.0,2.0,2.0,2.0,0.0,0.000423040529149,,,,NZL,4822233.0
New Zealand,2020-11-26,0.0,0.0,0.0,0.0,0.0,0.0,0.0,4.0,1.0,2.0,2.0,2.0,2.0,2.0,0.0,0.0004244921388078,,,,NZL,4822233.0
New Zealand,2020-11-27,0.0,0.0,0.0,0.0,0.0,0.0,0.0,4.0,1.0,2.0,2.0,2.0,2.0,2.0,0.0,0.0004251142572331,,,,NZL,4822233.0
New Zealand,2020-11-28,0.0,0.0,0.0,0.0,0.0,0.0,0.0,4.0,1.0,2.0,2.0,2.0,2.0,2.0,0.0,0.0004251142572331,,,,NZL,4822233.0
New Zealand,2020-11-29,0.0,0.0,0.0,0.0,0.0,0.0,0.0,4.0,1.0,2.0,2.0,2.0,2.0,2.0,0.0,0.0004263584940835,,,,NZL,4822233.0
New Zealand,2020-11-30,0.0,0.0,0.0,0.0,0.0,0.0,0.0,4.0,1.0,2.0,2.0,2.0,2.0,2.0,0.0,0.0004269806125087,,,,NZL,4822233.0
New Zealand,2020-12-01,0.0,0.0,0.0,0.0,0.0,0.0,0.0,4.0,1.0,2.0,2.0,2.0,2.0,2.0,0.0,0.0004271879853171,,,,NZL,4822233.0
New Zealand,2020-12-02,0.0,0.0,0.0,0.0,0.0,0.0,0.0,4.0,1.0,2.0,2.0,2.0,2.0,2.0,0.0,0.0004290543405928,,,,NZL,4822233.0
New Zealand,2020-12-03,0.0,0.0,0.0,0.0,0.0,0.0,0.0,4.0,1.0,2.0,2.0,2.0,2.0,2.0,0.0,0.0004290543405928,,,,NZL,4822233.0
New Zealand,2020-12-04,0.0,0.0,0.0,0.0,0.0,0.0,0.0,4.0,1.0,2.0,2.0,2.0,2.0,2.0,0.0,0.0004309206958684,,,,NZL,4822233.0
New Zealand,2020-12-05,0.0,0.0,0.0,0.0,0.0,0.0,0.0,4.0,1.0,2.0,2.0,2.0,2.0,2.0,0.0,0.0004309206958684,,,,NZL,4822233.0
New Zealand,2020-12-06,0.0,0.0,0.0,0.0,0.0,0.0,0.0,4.0,1.0,2.0,2.0,2.0,2.0,2.0,0.0,0.0004311280686768,,,,NZL,4822233.0
New Zealand,2020-12-07,0.0,0.0,0.0,0.0,0.0,0.0,0.0,4.0,1.0,2.0,2.0,2.0,2.0,2.0,0.0,0.0004323723055273,,,,NZL,4822233.0
New Zealand,2020-12-08,0.0,0.0,0.0,0.0,0.0,0.0,0.0,4.0,1.0,2.0,2.0,2.0,2.0,2.0,0.0,0.0004329944239525,,,,NZL,4822233.0
New Zealand,2020-12-09,0.0,0.0,0.0,0.0,0.0,0.0,0.0,4.0,1.0,2.0,2.0,2.0,2.0,2.0,0.0,0.0004329944239525,,,,NZL,4822233.0
New Zealand,2020-12-10,0.0,0.0,0.0,0.0,0.0,0.0,0.0,4.0,1.0,2.0,2.0,2.0,2.0,2.0,0.0,0.0004338239151861,,,,NZL,4822233.0
New Zealand,2020-12-11,0.0,0.0,0.0,0.0,0.0,0.0,0.0,4.0,1.0,2.0,2.0,2.0,2.0,2.0,0.0,0.0004338239151861,,,,NZL,4822233.0
New Zealand,2020-12-12,0.0,0.0,0.0,0.0,0.0,0.0,0.0,4.0,1.0,2.0,2.0,2.0,2.0,2.0,0.0,0.0004346534064198,,,,NZL,4822233.0
New Zealand,2020-12-13,0.0,0.0,0.0,0.0,0.0,0.0,0.0,4.0,1.0,2.0,2.0,2.0,2.0,2.0,0.0,0.0004346534064198,,,,NZL,4822233.0
New Zealand,2020-12-14,0.0,0.0,0.0,0.0,0.0,0.0,0.0,4.0,1.0,2.0,2.0,2.0,2.0,2.0,0.0,0.0004346534064198,,,,NZL,4822233.0
New Zealand,2020-12-15,0.0,0.0,0.0,0.0,0.0,0.0,0.0,4.0,1.0,2.0,2.0,2.0,2.0,2.0,0.0,0.0004354828976534,,,,NZL,4822233.0
New Zealand,2020-12-16,0.0,0.0,0.0,0.0,0.0,0.0,0.0,4.0,1.0,2.0,2.0,2.0,2.0,2.0,0.0,0.0004354828976534,,,,NZL,4822233.0
New Zealand,2020-12-17,0.0,0.0,0.0,0.0,0.0,0.0,0.0,4.0,1.0,2.0,2.0,2.0,2.0,2.0,0.0,0.0004375566257374,,,,NZL,4822233.0
New Zealand,2020-12-18,0.0,0.0,0.0,0.0,0.0,0.0,0.0,4.0,1.0,2.0,2.0,2.0,2.0,2.0,0.0,0.0004375566257374,,,,NZL,4822233.0
New Zealand,2020-12-19,0.0,0.0,0.0,0.0,0.0,0.0,0.0,4.0,1.0,2.0,2.0,2.0,2.0,2.0,0.0,0.0004388008625879,,,,NZL,4822233.0
New Zealand,2020-12-20,0.0,0.0,0.0,0.0,0.0,0.0,0.0,4.0,1.0,2.0,2.0,2.0,2.0,2.0,0.0,0.0004398377266299,,,,NZL,4822233.0
New Zealand,2020-12-21,0.0,0.0,0.0,0.0,0.0,0.0,0.0,4.0,1.0,2.0,2.0,2.0,2.0,2.0,0.0,0.0004398377266299,,,,NZL,4822233.0
New Zealand,2020-12-22,0.0,0.0,0.0,0.0,0.0,0.0,0.0,4.0,1.0,2.0,2.0,2.0,2.0,2.0,0.0,0.0004412893362888,,,,NZL,4822233.0
New Zealand,2020-12-23,0.0,0.0,0.0,0.0,0.0,0.0,0.0,4.0,1.0,2.0,2.0,2.0,2.0,2.0,0.0,0.0004412893362888,,,,NZL,4822233.0
New Zealand,2020-12-24,0.0,0.0,0.0,0.0,0.0,0.0,0.0,4.0,1.0,2.0,2.0,2.0,2.0,2.0,0.0,0.0004412893362888,,,,NZL,4822233.0
New Zealand,2020-12-25,0.0,0.0,0.0,0.0,0.0,0.0,0.0,4.0,1.0,2.0,2.0,2.0,2.0,2.0,0.0,0.0004412893362888,,,,NZL,4822233.0
New Zealand,2020-12-26,0.0,0.0,0.0,0.0,0.0,0.0,0.0,4.0,1.0,2.0,2.0,2.0,2.0,2.0,0.0,0.0004446073012233,,,,NZL,4822233.0
New Zealand,2020-12-27,0.0,0.0,0.0,0.0,0.0,0.0,0.0,4.0,1.0,2.0,2.0,2.0,2.0,2.0,0.0,0.0004446073012233,,,,NZL,4822233.0
New Zealand,2020-12-28,0.0,0.0,0.0,0.0,0.0,0.0,0.0,4.0,1.0,2.0,2.0,2.0,2.0,2.0,0.0,0.0004460589108821,,,,NZL,4822233.0
New Zealand,2020-12-29,0.0,0.0,0.0,0.0,0.0,0.0,0.0,4.0,1.0,2.0,2.0,2.0,2.0,2.0,0.0,0.0004460589108821,,,,NZL,4822233.0
New Zealand,2020-12-30,0.0,0.0,0.0,0.0,0.0,0.0,0.0,4.0,1.0,2.0,2.0,2.0,2.0,2.0,0.0,0.0004483400117746,,,,NZL,4822233.0
New Zealand,2020-12-31,0.0,0.0,0.0,0.0,0.0,0.0,0.0,4.0,1.0,2.0,2.0,2.0,2.0,2.0,0.0,0.0004483400117746,,,,NZL,4822233.0
New Zealand,2021-01-01,0.0,0.0,0.0,0.0,0.0,0.0,0.0,4.0,1.0,2.0,2.0,3.0,2.0,2.0,0.0,0.0004483400117746,,,,NZL,4822233.0
New Zealand,2021-01-02,0.0,0.0,0.0,0.0,0.0,0.0,0.0,4.0,1.0,2.0,2.0,3.0,2.0,2.0,0.0,0.0004522800951343,,,,NZL,4822233.0
New Zealand,2021-01-03,0.0,0.0,0.0,0.0,0.0,0.0,0.0,4.0,1.0,2.0,2.0,3.0,2.0,2.0,0.0,0.0004522800951343,,,,NZL,4822233.0
New Zealand,2021-01-04,0.0,0.0,0.0,0.0,0.0,0.0,0.0,4.0,1.0,2.0,2.0,3.0,2.0,2.0,0.0,0.0004533169591763,,,,NZL,4822233.0
New Zealand,2021-01-05,0.0,0.0,0.0,0.0,0.0,0.0,0.0,4.0,1.0,2.0,2.0,3.0,2.0,2.0,0.0,0.0004533169591763,,,,NZL,4822233.0
New Zealand,2021-01-06,0.0,0.0,0.0,0.0,0.0,0.0,0.0,4.0,1.0,2.0,2.0,3.0,2.0,2.0,0.0,0.0004537317047931,,,,NZL,4822233.0
New Zealand,2021-01-07,0.0,0.0,0.0,0.0,0.0,0.0,0.0,4.0,1.0,2.0,2.0,3.0,2.0,2.0,0.0,0.0004537317047931,,,,NZL,4822233.0
New Zealand,2021-01-08,0.0,0.0,0.0,0.0,0.0,0.0,0.0,4.0,1.0,2.0,2.0,3.0,2.0,2.0,0.0,0.0004537317047931,,,,NZL,4822233.0
New Zealand,2021-01-09,0.0,0.0,0.0,0.0,0.0,0.0,0.0,4.0,1.0,2.0,2.0,3.0,2.0,2.0,0.0,0.0004601602618537,,,,NZL,4822233.0
New Zealand,2021-01-10,0.0,0.0,0.0,0.0,0.0,0.0,0.0,4.0,1.0,2.0,2.0,3.0,2.0,2.0,0.0,0.000460782380279,,,,NZL,4822233.0
New Zealand,2021-01-11,0.0,0.0,0.0,0.0,0.0,0.0,0.0,4.0,1.0,2.0,2.0,3.0,2.0,2.0,0.0,0.000460782380279,,,,NZL,4822233.0
New Zealand,2021-01-12,0.0,0.0,0.0,0.0,0.0,0.0,0.0,4.0,1.0,2.0,2.0,3.0,2.0,2.0,0.0,0.0004620266171294,,,,NZL,4822233.0
New Zealand,2021-01-13,0.0,0.0,0.0,0.0,0.0,0.0,0.0,4.0,1.0,2.0,2.0,3.0,2.0,2.0,0.0,0.0004620266171294,,,,NZL,4822233.0
New Zealand,2021-01-14,0.0,0.0,0.0,0.0,0.0,0.0,0.0,4.0,1.0,2.0,2.0,3.0,2.0,2.0,0.0,0.0004657593276807,,,,NZL,4822233.0
New Zealand,2021-01-15,0.0,0.0,0.0,0.0,0.0,0.0,0.0,4.0,1.0,2.0,2.0,3.0,2.0,2.0,0.0,0.0004657593276807,,,,NZL,4822233.0
New Zealand,2021-01-16,0.0,0.0,0.0,0.0,0.0,0.0,0.0,4.0,1.0,2.0,2.0,3.0,2.0,2.0,0.0,0.0004678330557648,,,,NZL,4822233.0
New Zealand,2021-01-17,0.0,0.0,0.0,0.0,0.0,0.0,0.0,4.0,1.0,2.0,2.0,3.0,2.0,2.0,0.0,0.0004690772926152,,,,NZL,4822233.0
New Zealand,2021-01-18,0.0,0.0,0.0,0.0,0.0,0.0,0.0,4.0,1.0,2.0,2.0,3.0,2.0,2.0,0.0,0.0004690772926152,,,,NZL,4822233.0
New Zealand,2021-01-19,0.0,0.0,0.0,0.0,0.0,0.0,0.0,4.0,1.0,2.0,2.0,3.0,2.0,2.0,0.0,0.0004701141566572,,,,NZL,4822233.0
New Zealand,2021-01-20,0.0,0.0,0.0,0.0,0.0,0.0,0.0,4.0,1.0,2.0,2.0,2.0,2.0,2.0,0.0,0.0004701141566572,,,,NZL,4822233.0
New Zealand,2021-01-21,0.0,0.0,0.0,0.0,0.0,0.0,0.0,4.0,1.0,2.0,2.0,2.0,2.0,2.0,0.0,0.0004719805119329,,,,NZL,4822233.0
New Zealand,2021-01-22,0.0,0.0,0.0,0.0,0.0,0.0,0.0,4.0,1.0,2.0,2.0,2.0,2.0,2.0,0.0,0.0004719805119329,,,,NZL,4822233.0
New Zealand,2021-01-23,0.0,0.0,0.0,0.0,0.0,0.0,0.0,4.0,1.0,2.0,2.0,2.0,2.0,2.0,0.0,0.0004734321215918,,,,NZL,4822233.0
New Zealand,2021-01-24,0.0,0.0,0.0,0.0,0.0,0.0,0.0,4.0,1.0,2.0,2.0,2.0,2.0,2.0,0.0,0.0004744689856338,,,,NZL,4822233.0
New Zealand,2021-01-25,0.0,0.0,0.0,0.0,0.0,0.0,0.0,4.0,1.0,2.0,2.0,2.0,2.0,2.0,0.0,0.0004748837312506,,,,NZL,4822233.0
New Zealand,2021-01-26,0.0,0.0,0.0,0.0,0.0,0.0,0.0,4.0,1.0,2.0,2.0,2.0,2.0,2.0,0.0,0.0004759205952926,,,,NZL,4822233.0
New Zealand,2021-01-27,0.0,0.0,0.0,0.0,0.0,0.0,0.0,4.0,1.0,2.0,2.0,2.0,2.0,2.0,0.0,0.0004767500865263,,,,NZL,4822233.0
New Zealand,2021-01-28,0.0,0.0,0.0,0.0,0.0,0.0,0.0,4.0,1.0,2.0,2.0,2.0,2.0,2.0,0.0,0.0004779943233767,,,,NZL,4822233.0
New Zealand,2021-01-29,0.0,0.0,0.0,0.0,0.0,0.0,0.0,4.0,1.0,2.0,2.0,2.0,2.0,2.0,0.0,0.0004775795777599,,,,NZL,4822233.0
New Zealand,2021-01-30,0.0,0.0,0.0,0.0,0.0,0.0,0.0,4.0,1.0,2.0,2.0,2.0,2.0,2.0,0.0,0.0004777869505683,,,,NZL,4822233.0
New Zealand,2021-01-31,0.0,0.0,0.0,0.0,0.0,0.0,0.0,4.0,1.0,2.0,2.0,2.0,2.0,2.0,0.0,0.0004777869505683,,,,NZL,4822233.0
New Zealand,2021-02-01,0.0,0.0,0.0,0.0,0.0,0.0,0.0,4.0,1.0,2.0,2.0,2.0,2.0,2.0,0.0,0.0004784090689935,,,,NZL,4822233.0
New Zealand,2021-02-02,0.0,0.0,0.0,0.0,0.0,0.0,0.0,4.0,1.0,2.0,2.0,2.0,2.0,2.0,0.0,0.0004786164418019,,,,NZL,4822233.0
New Zealand,2021-02-03,0.0,0.0,0.0,0.0,0.0,0.0,0.0,4.0,1.0,2.0,2.0,2.0,2.0,2.0,0.0,0.0004796533058439,,,,NZL,4822233.0
New Zealand,2021-02-04,0.0,0.0,0.0,0.0,0.0,0.0,0.0,4.0,1.0,2.0,2.0,2.0,2.0,2.0,0.0,0.0004800680514608,,,,NZL,4822233.0
New Zealand,2021-02-05,0.0,0.0,0.0,0.0,0.0,0.0,0.0,4.0,1.0,2.0,2.0,2.0,2.0,2.0,0.0,0.0004800680514608,,,,NZL,4822233.0
New Zealand,2021-02-06,0.0,0.0,0.0,0.0,0.0,0.0,0.0,4.0,1.0,2.0,2.0,2.0,2.0,2.0,0.0,0.0004811049155028,,,,NZL,4822233.0
New Zealand,2021-02-07,0.0,0.0,0.0,0.0,0.0,0.0,0.0,4.0,1.0,2.0,2.0,2.0,2.0,2.0,0.0,0.0004811049155028,,,,NZL,4822233.0
New Zealand,2021-02-08,0.0,0.0,0.0,0.0,0.0,0.0,0.0,4.0,1.0,2.0,2.0,2.0,2.0,2.0,0.0,0.0004815196611196,,,,NZL,4822233.0
New Zealand,2021-02-09,0.0,0.0,0.0,0.0,0.0,0.0,0.0,4.0,1.0,2.0,2.0,2.0,2.0,2.0,0.0,0.0004819344067364,,,,NZL,4822233.0
New Zealand,2021-02-10,0.0,0.0,0.0,0.0,0.0,0.0,0.0,4.0,1.0,2.0,2.0,2.0,2.0,2.0,0.0,0.0004819344067364,,,,NZL,4822233.0
New Zealand,2021-02-11,0.0,0.0,0.0,0.0,0.0,0.0,0.0,4.0,1.0,2.0,2.0,2.0,2.0,2.0,0.0,0.0004823491523532,,,,NZL,4822233.0
New Zealand,2021-02-12,0.0,0.0,0.0,0.0,0.0,0.0,0.0,4.0,1.0,2.0,2.0,2.0,2.0,2.0,0.0,0.00048276389797,,,,NZL,4822233.0
New Zealand,2021-02-13,0.0,0.0,0.0,0.0,0.0,0.0,0.0,4.0,1.0,2.0,2.0,2.0,2.0,2.0,0.0,0.0004831786435869,,,,NZL,4822233.0
New Zealand,2021-02-14,0.0,0.0,0.0,0.0,0.0,0.0,0.0,4.0,1.0,2.0,2.0,2.0,2.0,2.0,0.0,0.0004844228804373,,,,NZL,4822233.0
New Zealand,2021-02-15,2.0,2.0,2.0,4.0,0.0,0.0,2.0,4.0,1.0,2.0,2.0,2.0,2.0,2.0,0.0,0.0004846302532457,,,,NZL,4822233.0
New Zealand,2021-02-16,2.0,2.0,2.0,4.0,0.0,0.0,2.0,4.0,1.0,2.0,2.0,2.0,2.0,2.0,0.0,0.0004852523716709,,,,NZL,4822233.0
New Zealand,2021-02-17,2.0,2.0,2.0,4.0,0.0,0.0,2.0,4.0,1.0,2.0,2.0,2.0,2.0,2.0,0.0,0.0004860818629045,,,,NZL,4822233.0
New Zealand,2021-02-18,0.0,1.0,2.0,3.0,0.0,0.0,0.0,4.0,1.0,2.0,2.0,2.0,2.0,2.0,0.0,0.0004869113541382,,,,NZL,4822233.0
New Zealand,2021-02-19,0.0,1.0,2.0,3.0,0.0,0.0,0.0,4.0,1.0,2.0,2.0,2.0,2.0,2.0,0.0,0.000487326099755,,,,NZL,4822233.0
New Zealand,2021-02-20,0.0,1.0,2.0,3.0,0.0,0.0,0.0,4.0,1.0,2.0,2.0,2.0,2.0,2.0,0.0,0.000487326099755,,,,NZL,4822233.0
New Zealand,2021-02-21,0.0,1.0,2.0,3.0,0.0,0.0,0.0,4.0,1.0,2.0,2.0,2.0,2.0,2.0,0.0,0.0004887777094138,,,,NZL,4822233.0
New Zealand,2021-02-22,0.0,1.0,2.0,3.0,0.0,0.0,0.0,4.0,1.0,2.0,2.0,2.0,2.0,2.0,0.0,0.0004900219462643,,,,NZL,4822233.0
New Zealand,2021-02-23,0.0,0.0,0.0,0.0,0.0,0.0,0.0,4.0,1.0,2.0,2.0,2.0,2.0,2.0,0.0,0.0004904366918811,,,,NZL,4822233.0
New Zealand,2021-02-24,0.0,0.0,0.0,0.0,0.0,0.0,0.0,4.0,1.0,2.0,2.0,2.0,2.0,2.0,0.0,0.0004910588103063,,,,NZL,4822233.0
New Zealand,2021-02-25,0.0,0.0,0.0,0.0,0.0,0.0,0.0,4.0,1.0,2.0,2.0,2.0,2.0,2.0,0.0,0.0004916809287315,,,,NZL,4822233.0
New Zealand,2021-02-26,0.0,0.0,0.0,0.0,0.0,0.0,0.0,4.0,1.0,2.0,2.0,2.0,2.0,2.0,0.0,0.0004918883015399,,,,NZL,4822233.0
New Zealand,2021-02-27,0.0,0.0,0.0,0.0,0.0,0.0,0.0,4.0,1.0,2.0,2.0,2.0,2.0,2.0,0.0,0.0004927177927735,,,,NZL,4822233.0
New Zealand,2021-02-28,2.0,2.0,2.0,4.0,0.0,0.0,2.0,4.0,1.0,2.0,2.0,2.0,2.0,2.0,0.0,0.0004931325383904,,,,NZL,4822233.0
New Zealand,2021-03-01,2.0,2.0,2.0,4.0,0.0,0.0,2.0,4.0,1.0,2.0,2.0,2.0,2.0,2.0,0.0,0.000493962029624,,,,NZL,4822233.0
New Zealand,2021-03-02,2.0,2.0,2.0,4.0,0.0,0.0,2.0,4.0,1.0,2.0,2.0,2.0,2.0,2.0,0.0,0.0004943767752408,,,,NZL,4822233.0
New Zealand,2021-03-03,2.0,2.0,2.0,4.0,0.0,0.0,2.0,4.0,1.0,2.0,2.0,2.0,2.0,2.0,0.0,0.0004954136392828,,,,NZL,4822233.0
New Zealand,2021-03-04,2.0,2.0,2.0,4.0,0.0,0.0,2.0,4.0,1.0,2.0,2.0,2.0,2.0,2.0,0.0,0.0004954136392828,,,,NZL,4822233.0
New Zealand,2021-03-05,2.0,2.0,2.0,4.0,0.0,0.0,2.0,4.0,1.0,2.0,2.0,2.0,2.0,2.0,0.0,0.0004972799945585,,,,NZL,4822233.0
New Zealand,2021-03-06,2.0,2.0,2.0,4.0,0.0,0.0,2.0,4.0,1.0,2.0,2.0,2.0,2.0,2.0,0.0,0.0004974873673669,,,,NZL,4822233.0
New Zealand,2021-03-07,0.0,1.0,2.0,2.0,0.0,0.0,0.0,4.0,1.0,2.0,2.0,2.0,2.0,2.0,0.0,0.0004987316042173,,,,NZL,4822233.0
New Zealand,2021-03-08,0.0,1.0,2.0,2.0,0.0,0.0,0.0,4.0,1.0,2.0,2.0,2.0,2.0,2.0,0.0,0.000499561095451,,,,NZL,4822233.0
New Zealand,2021-03-09,0.0,1.0,2.0,2.0,0.0,0.0,0.0,4.0,1.0,2.0,2.0,2.0,2.0,2.0,0.0,0.0004997684682594,,,,NZL,4822233.0
New Zealand,2021-03-10,0.0,1.0,2.0,2.0,0.0,0.0,0.0,4.0,1.0,2.0,2.0,2.0,2.0,2.0,0.0,0.0005010127051098,,,,NZL,4822233.0
New Zealand,2021-03-11,0.0,1.0,2.0,2.0,0.0,0.0,0.0,4.0,1.0,2.0,2.0,2.0,2.0,2.0,0.0,0.0005012200779182,,,,NZL,4822233.0
New Zealand,2021-03-12,0.0,0.0,0.0,0.0,0.0,0.0,0.0,4.0,1.0,2.0,2.0,2.0,2.0,2.0,0.0,0.0005022569419602,,,,NZL,4822233.0
New Zealand,2021-03-13,0.0,0.0,0.0,0.0,0.0,0.0,0.0,4.0,1.0,2.0,2.0,2.0,2.0,2.0,0.0,0.0005024643147686,,,,NZL,4822233.0
New Zealand,2021-03-14,0.0,0.0,0.0,0.0,0.0,0.0,0.0,4.0,1.0,2.0,2.0,2.0,2.0,2.0,0.0,0.0005039159244275,,,,NZL,4822233.0
New Zealand,2021-03-15,0.0,0.0,0.0,0.0,0.0,0.0,0.0,4.0,1.0,2.0,2.0,2.0,2.0,2.0,0.0,0.0005043306700443,,,,NZL,4822233.0
New Zealand,2021-03-16,0.0,0.0,0.0,0.0,0.0,0.0,0.0,4.0,1.0,2.0,2.0,2.0,2.0,2.0,1.0,0.0005047454156611,,,,NZL,4822233.0
New Zealand,2021-03-17,0.0,0.0,0.0,0.0,0.0,0.0,0.0,4.0,1.0,2.0,2.0,2.0,2.0,2.0,1.0,0.0005047454156611,,,,NZL,4822233.0
New Zealand,2021-03-18,0.0,0.0,0.0,0.0,0.0,0.0,0.0,4.0,1.0,2.0,2.0,2.0,2.0,2.0,1.0,0.0005068191437452,,,,NZL,4822233.0
New Zealand,2021-03-19,0.0,0.0,0.0,0.0,0.0,0.0,0.0,4.0,1.0,2.0,2.0,2.0,2.0,2.0,2.0,0.0005068191437452,,,,NZL,4822233.0
New Zealand,2021-03-20,0.0,0.0,0.0,0.0,0.0,0.0,0.0,4.0,1.0,2.0,2.0,2.0,2.0,2.0,2.0,0.0005086854990208,,,,NZL,4822233.0
New Zealand,2021-03-21,0.0,0.0,0.0,0.0,0.0,0.0,0.0,4.0,1.0,2.0,2.0,2.0,2.0,2.0,2.0,0.0005105518542965,,,,NZL,4822233.0
New Zealand,2021-03-22,0.0,0.0,0.0,0.0,0.0,0.0,0.0,4.0,1.0,2.0,2.0,2.0,2.0,2.0,2.0,0.0005105518542965,,,,NZL,4822233.0
New Zealand,2021-03-23,0.0,0.0,0.0,0.0,0.0,0.0,0.0,4.0,1.0,2.0,2.0,2.0,2.0,2.0,2.0,0.0005122108367637,,,,NZL,4822233.0
New Zealand,2021-03-24,0.0,0.0,0.0,0.0,0.0,0.0,0.0,4.0,1.0,2.0,2.0,2.0,2.0,2.0,2.0,0.0005134550736142,,,,NZL,4822233.0
New Zealand,2021-03-25,0.0,0.0,0.0,0.0,0.0,0.0,0.0,4.0,1.0,2.0,2.0,2.0,2.0,2.0,2.0,0.0005140771920394,,,,NZL,4822233.0
New Zealand,2021-03-26,0.0,0.0,0.0,0.0,0.0,0.0,0.0,4.0,1.0,2.0,2.0,2.0,2.0,2.0,2.0,0.0005144919376562,,,,NZL,4822233.0
New Zealand,2021-03-27,0.0,0.0,0.0,0.0,0.0,0.0,0.0,4.0,1.0,2.0,2.0,2.0,2.0,2.0,2.0,0.0005146993104646,,,,NZL,4822233.0
New Zealand,2021-03-28,0.0,0.0,0.0,0.0,0.0,0.0,0.0,4.0,1.0,2.0,2.0,2.0,2.0,2.0,2.0,0.0005169804113571,,,,NZL,4822233.0
New Zealand,2021-03-29,0.0,0.0,0.0,0.0,0.0,0.0,0.0,4.0,1.0,2.0,2.0,2.0,2.0,2.0,2.0,0.0005173951569739,,,,NZL,4822233.0
New Zealand,2021-03-30,0.0,0.0,0.0,0.0,0.0,0.0,0.0,4.0,1.0,2.0,2.0,2.0,2.0,2.0,2.0,0.0005178099025907,,,,NZL,4822233.0
New Zealand,2021-03-31,0.0,0.0,0.0,0.0,0.0,0.0,0.0,4.0,1.0,2.0,2.0,2.0,2.0,2.0,2.0,0.0005186393938243,,,,NZL,4822233.0
New Zealand,2021-04-01,0.0,0.0,0.0,0.0,0.0,0.0,0.0,4.0,1.0,2.0,2.0,2.0,2.0,2.0,2.0,0.0005186393938243,,,,NZL,4822233.0
New Zealand,2021-04-02,0.0,0.0,0.0,0.0,0.0,0.0,0.0,4.0,1.0,2.0,2.0,2.0,2.0,2.0,2.0,0.0005186393938243,,,,NZL,4822233.0
New Zealand,2021-04-03,0.0,0.0,0.0,0.0,0.0,0.0,0.0,4.0,1.0,2.0,2.0,2.0,2.0,2.0,2.0,0.0005186393938243,,,,NZL,4822233.0
New Zealand,2021-04-04,0.0,0.0,0.0,0.0,0.0,0.0,0.0,4.0,1.0,2.0,2.0,2.0,2.0,2.0,2.0,0.0005198836306748,,,,NZL,4822233.0
New Zealand,2021-04-05,0.0,0.0,0.0,0.0,0.0,0.0,0.0,4.0,1.0,2.0,2.0,2.0,2.0,2.0,2.0,0.0005234089684177,,,,NZL,4822233.0
New Zealand,2021-04-06,0.0,0.0,0.0,0.0,0.0,0.0,0.0,4.0,1.0,2.0,2.0,2.0,2.0,2.0,2.0,0.0005248605780765,,,,NZL,4822233.0
New Zealand,2021-04-07,0.0,0.0,0.0,0.0,0.0,0.0,0.0,4.0,1.0,2.0,2.0,2.0,2.0,2.0,2.0,0.0005298375254783,,,,NZL,4822233.0
New Zealand,2021-04-08,0.0,0.0,0.0,0.0,0.0,0.0,0.0,4.0,1.0,2.0,2.0,2.0,2.0,2.0,2.0,0.0005310817623287,,,,NZL,4822233.0
New Zealand,2021-04-09,0.0,0.0,0.0,0.0,0.0,0.0,0.0,4.0,1.0,2.0,2.0,2.0,2.0,2.0,2.0,0.0005331554904128,,,,NZL,4822233.0
New Zealand,2021-04-10,0.0,0.0,0.0,0.0,0.0,0.0,0.0,4.0,1.0,2.0,2.0,2.0,2.0,2.0,2.0,0.000533777608838,,,,NZL,4822233.0
New Zealand,2021-04-11,0.0,0.0,0.0,0.0,0.0,0.0,0.0,4.0,1.0,2.0,2.0,2.0,2.0,2.0,2.0,0.0005356439641137,,,,NZL,4822233.0
New Zealand,2021-04-12,0.0,0.0,0.0,0.0,0.0,0.0,0.0,4.0,1.0,2.0,2.0,2.0,2.0,2.0,2.0,0.0005364734553473,,,,NZL,4822233.0
New Zealand,2021-04-13,0.0,0.0,0.0,0.0,0.0,0.0,0.0,4.0,1.0,2.0,2.0,2.0,2.0,2.0,2.0,0.0005368882009641,,,,NZL,4822233.0
New Zealand,2021-04-14,0.0,0.0,0.0,0.0,0.0,0.0,0.0,4.0,1.0,2.0,2.0,2.0,2.0,2.0,2.0,0.0005373029465809,,,,NZL,4822233.0
New Zealand,2021-04-15,0.0,0.0,0.0,0.0,0.0,0.0,0.0,4.0,1.0,2.0,2.0,2.0,2.0,2.0,2.0,0.0005373029465809,,,,NZL,4822233.0
New Zealand,2021-04-16,0.0,0.0,0.0,0.0,0.0,0.0,0.0,4.0,1.0,2.0,2.0,2.0,2.0,2.0,2.0,0.0005373029465809,,,,NZL,4822233.0
New Zealand,2021-04-17,0.0,0.0,0.0,0.0,0.0,0.0,0.0,4.0,1.0,2.0,2.0,2.0,2.0,2.0,2.0,0.0005381324378145,,,,NZL,4822233.0
New Zealand,2021-04-18,0.0,0.0,0.0,0.0,0.0,0.0,0.0,4.0,1.0,2.0,2.0,2.0,2.0,2.0,2.0,0.000538339810623,,,,NZL,4822233.0
New Zealand,2021-04-19,0.0,0.0,0.0,0.0,0.0,0.0,0.0,4.0,1.0,2.0,2.0,2.0,2.0,2.0,2.0,0.0005385471834314,,,,NZL,4822233.0
New Zealand,2021-04-20,0.0,0.0,0.0,0.0,0.0,0.0,0.0,4.0,1.0,2.0,2.0,2.0,2.0,2.0,2.0,0.0005389619290482,,,,NZL,4822233.0
New Zealand,2021-04-21,0.0,0.0,0.0,0.0,0.0,0.0,0.0,4.0,1.0,2.0,2.0,2.0,2.0,2.0,2.0,0.0005391693018566,,,,NZL,4822233.0
New Zealand,2021-04-22,0.0,0.0,0.0,0.0,0.0,0.0,0.0,4.0,1.0,2.0,2.0,2.0,2.0,2.0,2.0,0.0005391693018566,,,,NZL,4822233.0
New Zealand,2021-04-23,0.0,0.0,0.0,0.0,0.0,0.0,0.0,4.0,1.0,2.0,2.0,2.0,2.0,2.0,2.0,0.0005391693018566,,,,NZL,4822233.0
New Zealand,2021-04-24,0.0,0.0,0.0,0.0,0.0,0.0,0.0,4.0,1.0,2.0,2.0,2.0,2.0,2.0,2.0,0.000539376674665,,,,NZL,4822233.0
New Zealand,2021-04-25,0.0,0.0,0.0,0.0,0.0,0.0,0.0,4.0,1.0,2.0,2.0,2.0,2.0,2.0,2.0,0.000539376674665,,,,NZL,4822233.0
New Zealand,2021-04-26,0.0,0.0,0.0,0.0,0.0,0.0,0.0,4.0,1.0,2.0,2.0,2.0,2.0,2.0,2.0,0.0005410356571322,,,,NZL,4822233.0
New Zealand,2021-04-27,0.0,0.0,0.0,0.0,0.0,0.0,0.0,4.0,1.0,2.0,2.0,2.0,2.0,2.0,4.0,0.0005410356571322,,,,NZL,4822233.0
New Zealand,2021-04-28,0.0,0.0,0.0,0.0,0.0,0.0,0.0,4.0,1.0,2.0,2.0,2.0,2.0,2.0,4.0,0.0005418651483659,,,,NZL,4822233.0
New Zealand,2021-04-29,0.0,0.0,0.0,0.0,0.0,0.0,0.0,4.0,1.0,2.0,2.0,2.0,2.0,2.0,4.0,0.0005418651483659,,,,NZL,4822233.0
New Zealand,2021-04-30,0.0,0.0,0.0,0.0,0.0,0.0,0.0,4.0,1.0,2.0,2.0,2.0,2.0,2.0,4.0,0.0005418651483659,,,,NZL,4822233.0
New Zealand,2021-05-01,0.0,0.0,0.0,0.0,0.0,0.0,0.0,4.0,1.0,2.0,2.0,2.0,2.0,2.0,4.0,0.0005429020124079,,,,NZL,4822233.0
New Zealand,2021-05-02,0.0,0.0,0.0,0.0,0.0,0.0,0.0,4.0,1.0,2.0,2.0,2.0,2.0,2.0,4.0,0.0005437315036415,,,,NZL,4822233.0
New Zealand,2021-05-03,0.0,0.0,0.0,0.0,0.0,0.0,0.0,4.0,1.0,2.0,2.0,2.0,2.0,2.0,4.0,0.0005439388764499,,,,NZL,4822233.0
New Zealand,2021-05-04,0.0,0.0,0.0,0.0,0.0,0.0,0.0,4.0,1.0,2.0,2.0,2.0,2.0,2.0,4.0,0.0005451831133004,,,,NZL,4822233.0
New Zealand,2021-05-05,0.0,0.0,0.0,0.0,0.0,0.0,0.0,4.0,1.0,2.0,2.0,2.0,2.0,2.0,4.0,0.000546012604534,,,,NZL,4822233.0
New Zealand,2021-05-06,0.0,0.0,0.0,0.0,0.0,0.0,0.0,4.0,1.0,2.0,2.0,2.0,2.0,2.0,4.0,0.0005462199773424,,,,NZL,4822233.0
New Zealand,2021-05-07,0.0,0.0,0.0,0.0,0.0,0.0,0.0,4.0,1.0,2.0,2.0,2.0,2.0,2.0,4.0,0.0005462199773424,,,,NZL,4822233.0
New Zealand,2021-05-08,0.0,0.0,0.0,0.0,0.0,0.0,0.0,4.0,1.0,2.0,2.0,2.0,2.0,2.0,4.0,0.0005478789598096,,,,NZL,4822233.0
New Zealand,2021-05-09,0.0,0.0,0.0,0.0,0.0,0.0,0.0,4.0,1.0,2.0,2.0,2.0,2.0,2.0,4.0,0.0005482937054265,,,,NZL,4822233.0
New Zealand,2021-05-10,0.0,0.0,0.0,0.0,0.0,0.0,0.0,4.0,1.0,2.0,2.0,2.0,2.0,2.0,4.0,0.0005482937054265,,,,NZL,4822233.0
New Zealand,2021-05-11,0.0,0.0,0.0,0.0,0.0,0.0,0.0,4.0,1.0,2.0,2.0,2.0,2.0,2.0,4.0,0.0005480863326181,,,,NZL,4822233.0
New Zealand,2021-05-12,0.0,0.0,0.0,0.0,0.0,0.0,0.0,4.0,1.0,2.0,2.0,2.0,2.0,2.0,4.0,0.0005482937054265,,,,NZL,4822233.0
New Zealand,2021-05-13,0.0,0.0,0.0,0.0,0.0,0.0,0.0,4.0,1.0,2.0,2.0,2.0,2.0,2.0,4.0,0.0005485010782349,,,,NZL,4822233.0
New Zealand,2021-05-14,0.0,0.0,0.0,0.0,0.0,0.0,0.0,4.0,1.0,2.0,2.0,2.0,2.0,2.0,2.0,0.0005485010782349,,,,NZL,4822233.0
New Zealand,2021-05-15,0.0,0.0,0.0,0.0,0.0,0.0,0.0,4.0,1.0,2.0,2.0,2.0,2.0,2.0,2.0,0.0005487084510433,,,,NZL,4822233.0
New Zealand,2021-05-16,0.0,0.0,0.0,0.0,0.0,0.0,0.0,4.0,1.0,2.0,2.0,2.0,2.0,2.0,2.0,0.0005497453150853,,,,NZL,4822233.0
New Zealand,2021-05-17,0.0,0.0,0.0,0.0,0.0,0.0,0.0,4.0,1.0,2.0,2.0,2.0,2.0,2.0,2.0,0.0005501600607021,,,,NZL,4822233.0
New Zealand,2021-05-18,0.0,0.0,0.0,0.0,0.0,0.0,0.0,4.0,1.0,2.0,2.0,2.0,2.0,2.0,2.0,0.0005511969247442,,,,NZL,4822233.0
New Zealand,2021-05-19,0.0,0.0,0.0,0.0,0.0,0.0,0.0,4.0,1.0,2.0,2.0,2.0,2.0,2.0,2.0,0.0005514042975526,,,,NZL,4822233.0
New Zealand,2021-05-20,0.0,0.0,0.0,0.0,0.0,0.0,0.0,4.0,1.0,2.0,2.0,2.0,2.0,2.0,2.0,0.0005520264159778,,,,NZL,4822233.0
New Zealand,2021-05-21,0.0,0.0,0.0,0.0,0.0,0.0,0.0,4.0,1.0,2.0,2.0,2.0,2.0,2.0,2.0,0.0005522337887862,,,,NZL,4822233.0
New Zealand,2021-05-22,0.0,0.0,0.0,0.0,0.0,0.0,0.0,4.0,1.0,2.0,2.0,2.0,2.0,2.0,2.0,0.0005534780256366,,,,NZL,4822233.0
New Zealand,2021-05-23,0.0,0.0,0.0,0.0,0.0,0.0,0.0,4.0,1.0,2.0,2.0,2.0,2.0,2.0,2.0,0.0005534780256366,,,,NZL,4822233.0
New Zealand,2021-05-24,0.0,0.0,0.0,0.0,0.0,0.0,0.0,4.0,1.0,2.0,2.0,2.0,2.0,2.0,2.0,0.000553685398445,,,,NZL,4822233.0
New Zealand,2021-05-25,0.0,0.0,0.0,0.0,0.0,0.0,0.0,4.0,1.0,2.0,2.0,2.0,2.0,2.0,2.0,0.000553685398445,,,,NZL,4822233.0
New Zealand,2021-05-26,0.0,0.0,0.0,0.0,0.0,0.0,0.0,4.0,1.0,2.0,2.0,2.0,2.0,2.0,2.0,0.0005538927712534,,,,NZL,4822233.0
New Zealand,2021-05-27,0.0,0.0,0.0,0.0,0.0,0.0,0.0,4.0,1.0,2.0,2.0,2.0,2.0,2.0,2.0,0.0005538927712534,,,,NZL,4822233.0
New Zealand,2021-05-28,0.0,0.0,0.0,0.0,0.0,0.0,0.0,4.0,1.0,2.0,2.0,2.0,2.0,2.0,2.0,0.0005538927712534,,,,NZL,4822233.0
New Zealand,2021-05-29,0.0,0.0,0.0,0.0,0.0,0.0,0.0,4.0,1.0,2.0,2.0,2.0,2.0,2.0,2.0,0.0005543075168702,,,,NZL,4822233.0
New Zealand,2021-05-30,0.0,0.0,0.0,0.0,0.0,0.0,0.0,4.0,1.0,2.0,2.0,2.0,2.0,2.0,2.0,0.0005545148896787,,,,NZL,4822233.0
New Zealand,2021-05-31,0.0,0.0,0.0,0.0,0.0,0.0,0.0,4.0,1.0,2.0,2.0,2.0,2.0,2.0,2.0,0.0005545148896787,,,,NZL,4822233.0
New Zealand,2021-06-01,0.0,0.0,0.0,0.0,0.0,0.0,0.0,4.0,1.0,2.0,2.0,2.0,2.0,2.0,2.0,0.0005557591265291,,,,NZL,4822233.0
New Zealand,2021-06-02,0.0,0.0,0.0,0.0,0.0,0.0,0.0,4.0,1.0,2.0,2.0,2.0,2.0,2.0,2.0,0.0005561738721459,,,,NZL,4822233.0
New Zealand,2021-06-03,0.0,0.0,0.0,0.0,0.0,0.0,0.0,4.0,1.0,2.0,2.0,2.0,2.0,2.0,2.0,0.0005563812449543,,,,NZL,4822233.0
New Zealand,2021-06-04,0.0,0.0,0.0,0.0,0.0,0.0,0.0,4.0,1.0,2.0,2.0,2.0,2.0,2.0,2.0,0.0005563812449543,,,,NZL,4822233.0
New Zealand,2021-06-05,0.0,0.0,0.0,0.0,0.0,0.0,0.0,4.0,1.0,2.0,2.0,2.0,2.0,2.0,2.0,0.0005563812449543,,,,NZL,4822233.0
New Zealand,2021-06-06,0.0,0.0,0.0,0.0,0.0,0.0,0.0,4.0,1.0,2.0,2.0,2.0,2.0,2.0,2.0,0.0005563812449543,,,,NZL,4822233.0
New Zealand,2021-06-07,0.0,0.0,0.0,0.0,0.0,0.0,0.0,4.0,1.0,2.0,2.0,2.0,2.0,2.0,2.0,0.0005584549730384,,,,NZL,4822233.0
New Zealand,2021-06-08,0.0,0.0,0.0,0.0,0.0,0.0,0.0,4.0,1.0,2.0,2.0,2.0,2.0,2.0,2.0,0.000559284464272,,,,NZL,4822233.0
New Zealand,2021-06-09,0.0,0.0,0.0,0.0,0.0,0.0,0.0,4.0,1.0,2.0,2.0,2.0,2.0,2.0,2.0,0.0005594918370804,,,,NZL,4822233.0
New Zealand,2021-06-10,0.0,0.0,0.0,0.0,0.0,0.0,0.0,4.0,1.0,2.0,2.0,2.0,2.0,2.0,2.0,0.0005605287011224,,,,NZL,4822233.0
New Zealand,2021-06-11,0.0,0.0,0.0,0.0,0.0,0.0,0.0,4.0,1.0,2.0,2.0,2.0,2.0,2.0,2.0,0.0005605287011224,,,,NZL,4822233.0
New Zealand,2021-06-12,0.0,0.0,0.0,0.0,0.0,0.0,0.0,4.0,1.0,2.0,2.0,2.0,2.0,2.0,2.0,0.0005617729379729,,,,NZL,4822233.0
New Zealand,2021-06-13,0.0,0.0,0.0,0.0,0.0,0.0,0.0,4.0,1.0,2.0,2.0,2.0,2.0,2.0,2.0,0.0005619803107813,,,,NZL,4822233.0
New Zealand,2021-06-14,0.0,0.0,0.0,0.0,0.0,0.0,0.0,4.0,1.0,2.0,2.0,2.0,2.0,2.0,2.0,0.0005619803107813,,,,NZL,4822233.0
New Zealand,2021-06-15,0.0,0.0,0.0,0.0,0.0,0.0,0.0,4.0,1.0,2.0,2.0,2.0,2.0,2.0,2.0,0.0005623950563981,,,,NZL,4822233.0
New Zealand,2021-06-16,0.0,0.0,0.0,0.0,0.0,0.0,0.0,4.0,1.0,2.0,2.0,2.0,2.0,2.0,2.0,0.0005628098020149,,,,NZL,4822233.0
New Zealand,2021-06-17,0.0,0.0,0.0,0.0,0.0,0.0,0.0,4.0,1.0,2.0,2.0,2.0,2.0,2.0,2.0,0.0005630171748233,,,,NZL,4822233.0
New Zealand,2021-06-18,0.0,0.0,0.0,0.0,0.0,0.0,0.0,4.0,1.0,2.0,2.0,2.0,2.0,2.0,2.0,0.0005630171748233,,,,NZL,4822233.0
New Zealand,2021-06-19,0.0,0.0,0.0,0.0,0.0,0.0,0.0,4.0,1.0,2.0,2.0,2.0,2.0,2.0,2.0,0.0005638466660569,,,,NZL,4822233.0
New Zealand,2021-06-20,0.0,0.0,0.0,0.0,0.0,0.0,0.0,4.0,1.0,2.0,2.0,2.0,2.0,2.0,2.0,0.0005642614116738,,,,NZL,4822233.0
New Zealand,2021-06-21,0.0,0.0,0.0,0.0,0.0,0.0,0.0,4.0,1.0,2.0,2.0,2.0,2.0,2.0,2.0,0.0005642614116738,,,,NZL,4822233.0
New Zealand,2021-06-22,0.0,0.0,0.0,0.0,0.0,0.0,0.0,4.0,1.0,2.0,2.0,2.0,2.0,2.0,2.0,0.000564883530099,,,,NZL,4822233.0
New Zealand,2021-06-23,0.0,0.0,0.0,0.0,0.0,0.0,0.0,4.0,1.0,2.0,2.0,2.0,2.0,2.0,2.0,0.000564883530099,,,,NZL,4822233.0
New Zealand,2021-06-24,0.0,0.0,0.0,0.0,0.0,0.0,0.0,4.0,1.0,2.0,2.0,2.0,2.0,2.0,2.0,0.0005652982757158,,,,NZL,4822233.0
New Zealand,2021-06-25,0.0,0.0,0.0,0.0,0.0,0.0,0.0,4.0,1.0,2.0,2.0,2.0,2.0,2.0,2.0,0.0005661277669494,,,,NZL,4822233.0
New Zealand,2021-06-26,0.0,0.0,0.0,0.0,0.0,0.0,0.0,4.0,1.0,2.0,2.0,2.0,2.0,2.0,2.0,0.0005661277669494,,,,NZL,4822233.0
New Zealand,2021-06-27,0.0,0.0,0.0,0.0,0.0,0.0,0.0,4.0,1.0,2.0,2.0,2.0,2.0,2.0,2.0,0.0005679941222251,,,,NZL,4822233.0
New Zealand,2021-06-28,0.0,0.0,0.0,0.0,0.0,0.0,0.0,4.0,1.0,2.0,2.0,2.0,2.0,2.0,2.0,0.0005686162406503,,,,NZL,4822233.0
New Zealand,2021-06-29,0.0,0.0,0.0,0.0,0.0,0.0,0.0,4.0,1.0,2.0,2.0,2.0,2.0,2.0,2.0,0.0005688236134587,,,,NZL,4822233.0
New Zealand,2021-06-30,0.0,0.0,0.0,0.0,0.0,0.0,0.0,4.0,1.0,2.0,2.0,2.0,2.0,2.0,2.0,0.0005688236134587,,,,NZL,4822233.0
New Zealand,2021-07-01,0.0,0.0,0.0,0.0,0.0,0.0,0.0,4.0,1.0,2.0,2.0,2.0,2.0,2.0,2.0,0.0005688236134587,,,,NZL,4822233.0
New Zealand,2021-07-02,0.0,0.0,0.0,0.0,0.0,0.0,0.0,4.0,1.0,2.0,2.0,2.0,2.0,2.0,2.0,0.0005688236134587,,,,NZL,4822233.0
New Zealand,2021-07-03,0.0,0.0,0.0,0.0,0.0,0.0,0.0,4.0,1.0,2.0,2.0,2.0,2.0,2.0,2.0,0.0005706899687344,,,,NZL,4822233.0
New Zealand,2021-07-04,,,,,,,,,,,,,,,,,0.0005710245915882,0.0005714044978422,0.0005717231220874,NZL,4822233.0
New Zealand,2021-07-05,,,,,,,,,,,,,,,,,0.0005716251407169,0.0005722603491823,0.0005728032781267,NZL,4822233.0
New Zealand,2021-07-06,,,,,,,,,,,,,,,,,0.0005718921199591,0.0005727503034141,0.0005735237655618,NZL,4822233.0
New Zealand,2021-07-07,,,,,,,,,,,,,,,,,0.0005718921199591,0.0005729487800839,0.0005739573366075,NZL,4822233.0
New Zealand,2021-07-08,,,,,,,,,,,,,,,,,0.0005719476341266,0.0005731799481996,0.0005743472266406,NZL,4822233.0
New Zealand,2021-07-09,,,,,,,,,,,,,,,,,0.0005721530445424,0.0005736227748319,0.0005750936528646,NZL,4822233.0
New Zealand,2021-07-10,,,,,,,,,,,,,,,,,0.0005726468308733,0.0005744197216107,0.0005765183078754,NZL,4822233.0
New Zealand,2021-07-11,,,,,,,,,,,,,,,,,0.0005728540866113,0.0005751294634795,0.0005776340089003,NZL,4822233.0
New Zealand,2021-07-12,,,,,,,,,,,,,,,,,0.000572983811507,0.0005757459108598,0.0005787165137097,NZL,4822233.0
New Zealand,2021-07-13,,,,,,,,,,,,,,,,,0.000573416579071,0.0005766172973356,0.0005800479465368,NZL,4822233.0
New Zealand,2021-07-14,,,,,,,,,,,,,,,,,0.0005735320979721,0.0005771108015527,0.0005808555917018,NZL,4822233.0
New Zealand,2021-07-15,,,,,,,,,,,,,,,,,0.0005736387981781,0.0005775593214512,0.0005815733509369,NZL,4822233.0
New Zealand,2021-07-16,,,,,,,,,,,,,,,,,0.0005736603531244,0.0005780714330204,0.0005825168356157,NZL,4822233.0
New Zealand,2021-07-17,,,,,,,,,,,,,,,,,0.0005740928632729,0.0005791890436431,0.0005843299263777,NZL,4822233.0
New Zealand,2021-07-18,,,,,,,,,,,,,,,,,0.0005746854026523,0.000580357525033,0.0005862645430259,NZL,4822233.0
New Zealand,2021-07-19,,,,,,,,,,,,,,,,,0.0005751347887309,0.0005811155706201,0.0005872879411388,NZL,4822233.0
New Zealand,2021-07-20,,,,,,,,,,,,,,,,,0.0005753305366323,0.0005819311416904,0.000588458648517,NZL,4822233.0
New Zealand,2021-07-21,,,,,,,,,,,,,,,,,0.0005755142519473,0.0005823869936226,0.0005892878924758,NZL,4822233.0
New Zealand,2021-07-22,,,,,,,,,,,,,,,,,0.0005755908875624,0.0005828472990661,0.0005901851837482,NZL,4822233.0
New Zealand,2021-07-23,,,,,,,,,,,,,,,,,0.0005759360068947,0.0005835932035243,0.0005913496569949,NZL,4822233.0
New Zealand,2021-07-24,,,,,,,,,,,,,,,,,0.0005763411939182,0.0005843632193692,0.0005927006240629,NZL,4822233.0
New Zealand,2021-07-25,,,,,,,,,,,,,,,,,0.000577131927825,0.0005858971591497,0.0005947399174122,NZL,4822233.0
New Zealand,2021-07-26,,,,,,,,,,,,,,,,,0.0005776316811233,0.0005868295986975,0.0005960892249935,NZL,4822233.0
New Zealand,2021-07-27,,,,,,,,,,,,,,,,,0.0005779306756306,0.0005875932203967,0.0005973893403937,NZL,4822233.0
New Zealand,2021-07-28,,,,,,,,,,,,,,,,,0.0005779306756306,0.0005878966683017,0.0005981006311888,NZL,4822233.0
New Zealand,2021-07-29,,,,,,,,,,,,,,,,,0.0005779306756306,0.0005885080077892,0.0005990978093653,NZL,4822233.0
New Zealand,2021-07-30,,,,,,,,,,,,,,,,,0.0005779306756306,0.0005888044937681,0.0005999048743295,NZL,4822233.0
New Zealand,2021-07-31,,,,,,,,,,,,,,,,,0.0005784178110542,0.0005898697090832,0.000601763350014,NZL,4822233.0
New Zealand,2021-08-01,,,,,,,,,,,,,,,,,0.0005786129908341,0.0005907853163283,0.0006034460111639,NZL,4822233.0
New Zealand,2021-08-02,,,,,,,,,,,,,,,,,0.0005789246081332,0.0005917001269129,0.0006051261622222,NZL,4822233.0
